Copyright 1986-2022 Xilinx, Inc. All Rights Reserved.
------------------------------------------------------------------------------------------------------------------------------------------------------------------------------------------------------
| Tool Version : Vivado v.2022.2 (win64) Build 3671981 Fri Oct 14 05:00:03 MDT 2022
| Date         : Tue Dec  2 20:28:54 2025
| Host         : kcsZenbook running 64-bit major release  (build 9200)
| Command      : report_timing_summary -max_paths 10 -report_unconstrained -file top_timing_summary_routed.rpt -pb top_timing_summary_routed.pb -rpx top_timing_summary_routed.rpx -warn_on_violation
| Design       : top
| Device       : 7s50-csga324
| Speed File   : -1  PRODUCTION 1.23 2018-06-13
------------------------------------------------------------------------------------------------------------------------------------------------------------------------------------------------------

Timing Summary Report

------------------------------------------------------------------------------------------------
| Timer Settings
| --------------
------------------------------------------------------------------------------------------------

  Enable Multi Corner Analysis               :  Yes
  Enable Pessimism Removal                   :  Yes
  Pessimism Removal Resolution               :  Nearest Common Node
  Enable Input Delay Default Clock           :  No
  Enable Preset / Clear Arcs                 :  No
  Disable Flight Delays                      :  No
  Ignore I/O Paths                           :  No
  Timing Early Launch at Borrowing Latches   :  No
  Borrow Time for Max Delay Exceptions       :  Yes
  Merge Timing Exceptions                    :  Yes

  Corner  Analyze    Analyze    
  Name    Max Paths  Min Paths  
  ------  ---------  ---------  
  Slow    Yes        Yes        
  Fast    Yes        Yes        


------------------------------------------------------------------------------------------------
| Report Methodology
| ------------------
------------------------------------------------------------------------------------------------

Rule       Severity          Description                                Violations  
---------  ----------------  -----------------------------------------  ----------  
TIMING-17  Critical Warning  Non-clocked sequential cell                451         
TIMING-27  Critical Warning  Invalid primary clock on hierarchical pin  1           

Note: This report is based on the most recent report_methodology run and may not be up-to-date. Run report_methodology on the current design for the latest report.



check_timing report

Table of Contents
-----------------
1. checking no_clock (451)
2. checking constant_clock (0)
3. checking pulse_width_clock (0)
4. checking unconstrained_internal_endpoints (1200)
5. checking no_input_delay (0)
6. checking no_output_delay (4)
7. checking multiple_clock (0)
8. checking generated_clocks (0)
9. checking loops (0)
10. checking partial_input_delay (0)
11. checking partial_output_delay (0)
12. checking latch_loops (0)

1. checking no_clock (451)
--------------------------
 There are 451 register/latch pins with no clock driven by root clock pin: CLK_100MHZ (HIGH)


2. checking constant_clock (0)
------------------------------
 There are 0 register/latch pins with constant_clock.


3. checking pulse_width_clock (0)
---------------------------------
 There are 0 register/latch pins which need pulse_width check


4. checking unconstrained_internal_endpoints (1200)
---------------------------------------------------
 There are 1200 pins that are not constrained for maximum delay. (HIGH)

 There are 0 pins that are not constrained for maximum delay due to constant clock.


5. checking no_input_delay (0)
------------------------------
 There are 0 input ports with no input delay specified.

 There are 0 input ports with no input delay but user has a false path constraint.


6. checking no_output_delay (4)
-------------------------------
 There are 4 ports with no output delay specified. (HIGH)

 There are 0 ports with no output delay but user has a false path constraint

 There are 0 ports with no output delay but with a timing clock defined on it or propagating through it


7. checking multiple_clock (0)
------------------------------
 There are 0 register/latch pins with multiple clocks.


8. checking generated_clocks (0)
--------------------------------
 There are 0 generated clocks that are not connected to a clock source.


9. checking loops (0)
---------------------
 There are 0 combinational loops in the design.


10. checking partial_input_delay (0)
------------------------------------
 There are 0 input ports with partial input delay specified.


11. checking partial_output_delay (0)
-------------------------------------
 There are 0 ports with partial output delay specified.


12. checking latch_loops (0)
----------------------------
 There are 0 combinational latch loops in the design through latch input



------------------------------------------------------------------------------------------------
| Design Timing Summary
| ---------------------
------------------------------------------------------------------------------------------------

    WNS(ns)      TNS(ns)  TNS Failing Endpoints  TNS Total Endpoints      WHS(ns)      THS(ns)  THS Failing Endpoints  THS Total Endpoints     WPWS(ns)     TPWS(ns)  TPWS Failing Endpoints  TPWS Total Endpoints  
    -------      -------  ---------------------  -------------------      -------      -------  ---------------------  -------------------     --------     --------  ----------------------  --------------------  
     32.752        0.000                      0                  263        0.133        0.000                      0                  263        3.000        0.000                       0                   216  


All user specified timing constraints are met.


------------------------------------------------------------------------------------------------
| Clock Summary
| -------------
------------------------------------------------------------------------------------------------

Clock                 Waveform(ns)         Period(ns)      Frequency(MHz)
-----                 ------------         ----------      --------------
clk_gen/inst/clk_in1  {0.000 5.000}        10.000          100.000         
  clk_125_clk_wiz_0   {0.000 4.000}        8.000           125.000         
  clk_25_clk_wiz_0    {0.000 20.000}       40.000          25.000          
  clkfbout_clk_wiz_0  {0.000 5.000}        10.000          100.000         


------------------------------------------------------------------------------------------------
| Intra Clock Table
| -----------------
------------------------------------------------------------------------------------------------

Clock                     WNS(ns)      TNS(ns)  TNS Failing Endpoints  TNS Total Endpoints      WHS(ns)      THS(ns)  THS Failing Endpoints  THS Total Endpoints     WPWS(ns)     TPWS(ns)  TPWS Failing Endpoints  TPWS Total Endpoints  
-----                     -------      -------  ---------------------  -------------------      -------      -------  ---------------------  -------------------     --------     --------  ----------------------  --------------------  
clk_gen/inst/clk_in1                                                                                                                                                    3.000        0.000                       0                     1  
  clk_125_clk_wiz_0                                                                                                                                                     5.845        0.000                       0                    10  
  clk_25_clk_wiz_0         32.752        0.000                      0                  263        0.133        0.000                      0                  263       19.020        0.000                       0                   202  
  clkfbout_clk_wiz_0                                                                                                                                                    7.845        0.000                       0                     3  


------------------------------------------------------------------------------------------------
| Inter Clock Table
| -----------------
------------------------------------------------------------------------------------------------

From Clock    To Clock          WNS(ns)      TNS(ns)  TNS Failing Endpoints  TNS Total Endpoints      WHS(ns)      THS(ns)  THS Failing Endpoints  THS Total Endpoints  
----------    --------          -------      -------  ---------------------  -------------------      -------      -------  ---------------------  -------------------  


------------------------------------------------------------------------------------------------
| Other Path Groups Table
| -----------------------
------------------------------------------------------------------------------------------------

Path Group    From Clock    To Clock          WNS(ns)      TNS(ns)  TNS Failing Endpoints  TNS Total Endpoints      WHS(ns)      THS(ns)  THS Failing Endpoints  THS Total Endpoints  
----------    ----------    --------          -------      -------  ---------------------  -------------------      -------      -------  ---------------------  -------------------  


------------------------------------------------------------------------------------------------
| User Ignored Path Table
| -----------------------
------------------------------------------------------------------------------------------------

Path Group    From Clock    To Clock    
----------    ----------    --------    


------------------------------------------------------------------------------------------------
| Unconstrained Path Table
| ------------------------
------------------------------------------------------------------------------------------------

Path Group          From Clock          To Clock          
----------          ----------          --------          
(none)                                                      
(none)              clk_125_clk_wiz_0                       
(none)              clkfbout_clk_wiz_0                      
(none)                                  clk_25_clk_wiz_0    


------------------------------------------------------------------------------------------------
| Timing Details
| --------------
------------------------------------------------------------------------------------------------


---------------------------------------------------------------------------------------------------
From Clock:  clk_gen/inst/clk_in1
  To Clock:  clk_gen/inst/clk_in1

Setup :           NA  Failing Endpoints,  Worst Slack           NA  ,  Total Violation           NA
Hold  :           NA  Failing Endpoints,  Worst Slack           NA  ,  Total Violation           NA
PW    :            0  Failing Endpoints,  Worst Slack        3.000ns,  Total Violation        0.000ns
---------------------------------------------------------------------------------------------------


Pulse Width Checks
--------------------------------------------------------------------------------------
Clock Name:         clk_gen/inst/clk_in1
Waveform(ns):       { 0.000 5.000 }
Period(ns):         10.000
Sources:            { clk_gen/inst/clk_in1 }

Check Type        Corner  Lib Pin            Reference Pin  Required(ns)  Actual(ns)  Slack(ns)  Location         Pin
Min Period        n/a     MMCME2_ADV/CLKIN1  n/a            1.249         10.000      8.751      MMCME2_ADV_X1Y0  clk_gen/inst/mmcm_adv_inst/CLKIN1
Max Period        n/a     MMCME2_ADV/CLKIN1  n/a            100.000       10.000      90.000     MMCME2_ADV_X1Y0  clk_gen/inst/mmcm_adv_inst/CLKIN1
Low Pulse Width   Slow    MMCME2_ADV/CLKIN1  n/a            2.000         5.000       3.000      MMCME2_ADV_X1Y0  clk_gen/inst/mmcm_adv_inst/CLKIN1
Low Pulse Width   Fast    MMCME2_ADV/CLKIN1  n/a            2.000         5.000       3.000      MMCME2_ADV_X1Y0  clk_gen/inst/mmcm_adv_inst/CLKIN1
High Pulse Width  Slow    MMCME2_ADV/CLKIN1  n/a            2.000         5.000       3.000      MMCME2_ADV_X1Y0  clk_gen/inst/mmcm_adv_inst/CLKIN1
High Pulse Width  Fast    MMCME2_ADV/CLKIN1  n/a            2.000         5.000       3.000      MMCME2_ADV_X1Y0  clk_gen/inst/mmcm_adv_inst/CLKIN1



---------------------------------------------------------------------------------------------------
From Clock:  clk_125_clk_wiz_0
  To Clock:  clk_125_clk_wiz_0

Setup :           NA  Failing Endpoints,  Worst Slack           NA  ,  Total Violation           NA
Hold  :           NA  Failing Endpoints,  Worst Slack           NA  ,  Total Violation           NA
PW    :            0  Failing Endpoints,  Worst Slack        5.845ns,  Total Violation        0.000ns
---------------------------------------------------------------------------------------------------


Pulse Width Checks
--------------------------------------------------------------------------------------
Clock Name:         clk_125_clk_wiz_0
Waveform(ns):       { 0.000 4.000 }
Period(ns):         8.000
Sources:            { clk_gen/inst/mmcm_adv_inst/CLKOUT1 }

Check Type  Corner  Lib Pin             Reference Pin  Required(ns)  Actual(ns)  Slack(ns)  Location         Pin
Min Period  n/a     BUFG/I              n/a            2.155         8.000       5.845      BUFGCTRL_X0Y1    clk_gen/inst/clkout2_buf/I
Min Period  n/a     OSERDESE2/CLK       n/a            1.667         8.000       6.333      OLOGIC_X0Y20     hdmi_tx/inst/serial_b/oserdes_m/CLK
Min Period  n/a     OSERDESE2/CLK       n/a            1.667         8.000       6.333      OLOGIC_X0Y19     hdmi_tx/inst/serial_b/oserdes_s/CLK
Min Period  n/a     OSERDESE2/CLK       n/a            1.667         8.000       6.333      OLOGIC_X0Y18     hdmi_tx/inst/serial_clk/oserdes_m/CLK
Min Period  n/a     OSERDESE2/CLK       n/a            1.667         8.000       6.333      OLOGIC_X0Y17     hdmi_tx/inst/serial_clk/oserdes_s/CLK
Min Period  n/a     OSERDESE2/CLK       n/a            1.667         8.000       6.333      OLOGIC_X0Y22     hdmi_tx/inst/serial_g/oserdes_m/CLK
Min Period  n/a     OSERDESE2/CLK       n/a            1.667         8.000       6.333      OLOGIC_X0Y21     hdmi_tx/inst/serial_g/oserdes_s/CLK
Min Period  n/a     OSERDESE2/CLK       n/a            1.667         8.000       6.333      OLOGIC_X0Y24     hdmi_tx/inst/serial_r/oserdes_m/CLK
Min Period  n/a     OSERDESE2/CLK       n/a            1.667         8.000       6.333      OLOGIC_X0Y23     hdmi_tx/inst/serial_r/oserdes_s/CLK
Min Period  n/a     MMCME2_ADV/CLKOUT1  n/a            1.249         8.000       6.751      MMCME2_ADV_X1Y0  clk_gen/inst/mmcm_adv_inst/CLKOUT1
Max Period  n/a     MMCME2_ADV/CLKOUT1  n/a            213.360       8.000       205.360    MMCME2_ADV_X1Y0  clk_gen/inst/mmcm_adv_inst/CLKOUT1



---------------------------------------------------------------------------------------------------
From Clock:  clk_25_clk_wiz_0
  To Clock:  clk_25_clk_wiz_0

Setup :            0  Failing Endpoints,  Worst Slack       32.752ns,  Total Violation        0.000ns
Hold  :            0  Failing Endpoints,  Worst Slack        0.133ns,  Total Violation        0.000ns
PW    :            0  Failing Endpoints,  Worst Slack       19.020ns,  Total Violation        0.000ns
---------------------------------------------------------------------------------------------------


Max Delay Paths
--------------------------------------------------------------------------------------
Slack (MET) :             32.752ns  (required time - arrival time)
  Source:                 disp_buf/memory_reg/CLKBWRCLK
                            (rising edge-triggered cell RAMB18E1 clocked by clk_25_clk_wiz_0  {rise@0.000ns fall@20.000ns period=40.000ns})
  Destination:            graph_mapper/scaled_product_reg/A[12]
                            (rising edge-triggered cell DSP48E1 clocked by clk_25_clk_wiz_0  {rise@0.000ns fall@20.000ns period=40.000ns})
  Path Group:             clk_25_clk_wiz_0
  Path Type:              Setup (Max at Slow Process Corner)
  Requirement:            40.000ns  (clk_25_clk_wiz_0 rise@40.000ns - clk_25_clk_wiz_0 rise@0.000ns)
  Data Path Delay:        3.441ns  (logic 2.454ns (71.322%)  route 0.987ns (28.678%))
  Logic Levels:           0  
  Clock Path Skew:        0.009ns (DCD - SCD + CPR)
    Destination Clock Delay (DCD):    1.542ns = ( 41.542 - 40.000 ) 
    Source Clock Delay      (SCD):    1.613ns
    Clock Pessimism Removal (CPR):    0.080ns
  Clock Uncertainty:      0.095ns  ((TSJ^2 + DJ^2)^1/2) / 2 + PE
    Total System Jitter     (TSJ):    0.071ns
    Discrete Jitter          (DJ):    0.175ns
    Phase Error              (PE):    0.000ns

    Location             Delay type                Incr(ns)  Path(ns)    Netlist Resource(s)
  -------------------------------------------------------------------    -------------------
                         (clock clk_25_clk_wiz_0 rise edge)
                                                      0.000     0.000 r  
    BUFGCTRL_X0Y2        BUFG                         0.000     0.000 r  CLK_100MHZ_IBUF_BUFG_inst/O
                         net (fo=452, routed)         1.575     1.575    clk_gen/inst/clk_in1
    MMCME2_ADV_X1Y0      MMCME2_ADV (Prop_mmcme2_adv_CLKIN1_CLKOUT0)
                                                     -3.333    -1.757 r  clk_gen/inst/mmcm_adv_inst/CLKOUT0
                         net (fo=1, routed)           1.661    -0.096    clk_gen/inst/clk_25_clk_wiz_0
    BUFGCTRL_X0Y0        BUFG (Prop_bufg_I_O)         0.096    -0.000 r  clk_gen/inst/clkout1_buf/O
                         net (fo=200, routed)         1.613     1.613    disp_buf/clk_25
    RAMB18_X0Y0          RAMB18E1                                     r  disp_buf/memory_reg/CLKBWRCLK
  -------------------------------------------------------------------    -------------------
    RAMB18_X0Y0          RAMB18E1 (Prop_ramb18e1_CLKBWRCLK_DOBDO[12])
                                                      2.454     4.067 r  disp_buf/memory_reg/DOBDO[12]
                         net (fo=1, routed)           0.987     5.054    graph_mapper/DOBDO[12]
    DSP48_X0Y0           DSP48E1                                      r  graph_mapper/scaled_product_reg/A[12]
  -------------------------------------------------------------------    -------------------

                         (clock clk_25_clk_wiz_0 rise edge)
                                                     40.000    40.000 r  
    BUFGCTRL_X0Y2        BUFG                         0.000    40.000 r  CLK_100MHZ_IBUF_BUFG_inst/O
                         net (fo=452, routed)         1.457    41.457    clk_gen/inst/clk_in1
    MMCME2_ADV_X1Y0      MMCME2_ADV (Prop_mmcme2_adv_CLKIN1_CLKOUT0)
                                                     -3.129    38.328 r  clk_gen/inst/mmcm_adv_inst/CLKOUT0
                         net (fo=1, routed)           1.581    39.909    clk_gen/inst/clk_25_clk_wiz_0
    BUFGCTRL_X0Y0        BUFG (Prop_bufg_I_O)         0.091    40.000 r  clk_gen/inst/clkout1_buf/O
                         net (fo=200, routed)         1.542    41.542    graph_mapper/clk_25
    DSP48_X0Y0           DSP48E1                                      r  graph_mapper/scaled_product_reg/CLK
                         clock pessimism              0.080    41.622    
                         clock uncertainty           -0.095    41.527    
    DSP48_X0Y0           DSP48E1 (Setup_dsp48e1_CLK_A[12])
                                                     -3.722    37.805    graph_mapper/scaled_product_reg
  -------------------------------------------------------------------
                         required time                         37.805    
                         arrival time                          -5.054    
  -------------------------------------------------------------------
                         slack                                 32.752    

Slack (MET) :             32.798ns  (required time - arrival time)
  Source:                 disp_buf/memory_reg/CLKBWRCLK
                            (rising edge-triggered cell RAMB18E1 clocked by clk_25_clk_wiz_0  {rise@0.000ns fall@20.000ns period=40.000ns})
  Destination:            graph_mapper/scaled_product_reg/A[14]
                            (rising edge-triggered cell DSP48E1 clocked by clk_25_clk_wiz_0  {rise@0.000ns fall@20.000ns period=40.000ns})
  Path Group:             clk_25_clk_wiz_0
  Path Type:              Setup (Max at Slow Process Corner)
  Requirement:            40.000ns  (clk_25_clk_wiz_0 rise@40.000ns - clk_25_clk_wiz_0 rise@0.000ns)
  Data Path Delay:        3.394ns  (logic 2.454ns (72.298%)  route 0.940ns (27.702%))
  Logic Levels:           0  
  Clock Path Skew:        0.009ns (DCD - SCD + CPR)
    Destination Clock Delay (DCD):    1.542ns = ( 41.542 - 40.000 ) 
    Source Clock Delay      (SCD):    1.613ns
    Clock Pessimism Removal (CPR):    0.080ns
  Clock Uncertainty:      0.095ns  ((TSJ^2 + DJ^2)^1/2) / 2 + PE
    Total System Jitter     (TSJ):    0.071ns
    Discrete Jitter          (DJ):    0.175ns
    Phase Error              (PE):    0.000ns

    Location             Delay type                Incr(ns)  Path(ns)    Netlist Resource(s)
  -------------------------------------------------------------------    -------------------
                         (clock clk_25_clk_wiz_0 rise edge)
                                                      0.000     0.000 r  
    BUFGCTRL_X0Y2        BUFG                         0.000     0.000 r  CLK_100MHZ_IBUF_BUFG_inst/O
                         net (fo=452, routed)         1.575     1.575    clk_gen/inst/clk_in1
    MMCME2_ADV_X1Y0      MMCME2_ADV (Prop_mmcme2_adv_CLKIN1_CLKOUT0)
                                                     -3.333    -1.757 r  clk_gen/inst/mmcm_adv_inst/CLKOUT0
                         net (fo=1, routed)           1.661    -0.096    clk_gen/inst/clk_25_clk_wiz_0
    BUFGCTRL_X0Y0        BUFG (Prop_bufg_I_O)         0.096    -0.000 r  clk_gen/inst/clkout1_buf/O
                         net (fo=200, routed)         1.613     1.613    disp_buf/clk_25
    RAMB18_X0Y0          RAMB18E1                                     r  disp_buf/memory_reg/CLKBWRCLK
  -------------------------------------------------------------------    -------------------
    RAMB18_X0Y0          RAMB18E1 (Prop_ramb18e1_CLKBWRCLK_DOBDO[14])
                                                      2.454     4.067 r  disp_buf/memory_reg/DOBDO[14]
                         net (fo=1, routed)           0.940     5.007    graph_mapper/DOBDO[14]
    DSP48_X0Y0           DSP48E1                                      r  graph_mapper/scaled_product_reg/A[14]
  -------------------------------------------------------------------    -------------------

                         (clock clk_25_clk_wiz_0 rise edge)
                                                     40.000    40.000 r  
    BUFGCTRL_X0Y2        BUFG                         0.000    40.000 r  CLK_100MHZ_IBUF_BUFG_inst/O
                         net (fo=452, routed)         1.457    41.457    clk_gen/inst/clk_in1
    MMCME2_ADV_X1Y0      MMCME2_ADV (Prop_mmcme2_adv_CLKIN1_CLKOUT0)
                                                     -3.129    38.328 r  clk_gen/inst/mmcm_adv_inst/CLKOUT0
                         net (fo=1, routed)           1.581    39.909    clk_gen/inst/clk_25_clk_wiz_0
    BUFGCTRL_X0Y0        BUFG (Prop_bufg_I_O)         0.091    40.000 r  clk_gen/inst/clkout1_buf/O
                         net (fo=200, routed)         1.542    41.542    graph_mapper/clk_25
    DSP48_X0Y0           DSP48E1                                      r  graph_mapper/scaled_product_reg/CLK
                         clock pessimism              0.080    41.622    
                         clock uncertainty           -0.095    41.527    
    DSP48_X0Y0           DSP48E1 (Setup_dsp48e1_CLK_A[14])
                                                     -3.722    37.805    graph_mapper/scaled_product_reg
  -------------------------------------------------------------------
                         required time                         37.805    
                         arrival time                          -5.007    
  -------------------------------------------------------------------
                         slack                                 32.798    

Slack (MET) :             32.815ns  (required time - arrival time)
  Source:                 disp_buf/memory_reg/CLKBWRCLK
                            (rising edge-triggered cell RAMB18E1 clocked by clk_25_clk_wiz_0  {rise@0.000ns fall@20.000ns period=40.000ns})
  Destination:            graph_mapper/scaled_product_reg/A[10]
                            (rising edge-triggered cell DSP48E1 clocked by clk_25_clk_wiz_0  {rise@0.000ns fall@20.000ns period=40.000ns})
  Path Group:             clk_25_clk_wiz_0
  Path Type:              Setup (Max at Slow Process Corner)
  Requirement:            40.000ns  (clk_25_clk_wiz_0 rise@40.000ns - clk_25_clk_wiz_0 rise@0.000ns)
  Data Path Delay:        3.377ns  (logic 2.454ns (72.667%)  route 0.923ns (27.333%))
  Logic Levels:           0  
  Clock Path Skew:        0.009ns (DCD - SCD + CPR)
    Destination Clock Delay (DCD):    1.542ns = ( 41.542 - 40.000 ) 
    Source Clock Delay      (SCD):    1.613ns
    Clock Pessimism Removal (CPR):    0.080ns
  Clock Uncertainty:      0.095ns  ((TSJ^2 + DJ^2)^1/2) / 2 + PE
    Total System Jitter     (TSJ):    0.071ns
    Discrete Jitter          (DJ):    0.175ns
    Phase Error              (PE):    0.000ns

    Location             Delay type                Incr(ns)  Path(ns)    Netlist Resource(s)
  -------------------------------------------------------------------    -------------------
                         (clock clk_25_clk_wiz_0 rise edge)
                                                      0.000     0.000 r  
    BUFGCTRL_X0Y2        BUFG                         0.000     0.000 r  CLK_100MHZ_IBUF_BUFG_inst/O
                         net (fo=452, routed)         1.575     1.575    clk_gen/inst/clk_in1
    MMCME2_ADV_X1Y0      MMCME2_ADV (Prop_mmcme2_adv_CLKIN1_CLKOUT0)
                                                     -3.333    -1.757 r  clk_gen/inst/mmcm_adv_inst/CLKOUT0
                         net (fo=1, routed)           1.661    -0.096    clk_gen/inst/clk_25_clk_wiz_0
    BUFGCTRL_X0Y0        BUFG (Prop_bufg_I_O)         0.096    -0.000 r  clk_gen/inst/clkout1_buf/O
                         net (fo=200, routed)         1.613     1.613    disp_buf/clk_25
    RAMB18_X0Y0          RAMB18E1                                     r  disp_buf/memory_reg/CLKBWRCLK
  -------------------------------------------------------------------    -------------------
    RAMB18_X0Y0          RAMB18E1 (Prop_ramb18e1_CLKBWRCLK_DOBDO[10])
                                                      2.454     4.067 r  disp_buf/memory_reg/DOBDO[10]
                         net (fo=1, routed)           0.923     4.990    graph_mapper/DOBDO[10]
    DSP48_X0Y0           DSP48E1                                      r  graph_mapper/scaled_product_reg/A[10]
  -------------------------------------------------------------------    -------------------

                         (clock clk_25_clk_wiz_0 rise edge)
                                                     40.000    40.000 r  
    BUFGCTRL_X0Y2        BUFG                         0.000    40.000 r  CLK_100MHZ_IBUF_BUFG_inst/O
                         net (fo=452, routed)         1.457    41.457    clk_gen/inst/clk_in1
    MMCME2_ADV_X1Y0      MMCME2_ADV (Prop_mmcme2_adv_CLKIN1_CLKOUT0)
                                                     -3.129    38.328 r  clk_gen/inst/mmcm_adv_inst/CLKOUT0
                         net (fo=1, routed)           1.581    39.909    clk_gen/inst/clk_25_clk_wiz_0
    BUFGCTRL_X0Y0        BUFG (Prop_bufg_I_O)         0.091    40.000 r  clk_gen/inst/clkout1_buf/O
                         net (fo=200, routed)         1.542    41.542    graph_mapper/clk_25
    DSP48_X0Y0           DSP48E1                                      r  graph_mapper/scaled_product_reg/CLK
                         clock pessimism              0.080    41.622    
                         clock uncertainty           -0.095    41.527    
    DSP48_X0Y0           DSP48E1 (Setup_dsp48e1_CLK_A[10])
                                                     -3.722    37.805    graph_mapper/scaled_product_reg
  -------------------------------------------------------------------
                         required time                         37.805    
                         arrival time                          -4.990    
  -------------------------------------------------------------------
                         slack                                 32.815    

Slack (MET) :             32.815ns  (required time - arrival time)
  Source:                 disp_buf/memory_reg/CLKBWRCLK
                            (rising edge-triggered cell RAMB18E1 clocked by clk_25_clk_wiz_0  {rise@0.000ns fall@20.000ns period=40.000ns})
  Destination:            graph_mapper/scaled_product_reg/A[9]
                            (rising edge-triggered cell DSP48E1 clocked by clk_25_clk_wiz_0  {rise@0.000ns fall@20.000ns period=40.000ns})
  Path Group:             clk_25_clk_wiz_0
  Path Type:              Setup (Max at Slow Process Corner)
  Requirement:            40.000ns  (clk_25_clk_wiz_0 rise@40.000ns - clk_25_clk_wiz_0 rise@0.000ns)
  Data Path Delay:        3.377ns  (logic 2.454ns (72.667%)  route 0.923ns (27.333%))
  Logic Levels:           0  
  Clock Path Skew:        0.009ns (DCD - SCD + CPR)
    Destination Clock Delay (DCD):    1.542ns = ( 41.542 - 40.000 ) 
    Source Clock Delay      (SCD):    1.613ns
    Clock Pessimism Removal (CPR):    0.080ns
  Clock Uncertainty:      0.095ns  ((TSJ^2 + DJ^2)^1/2) / 2 + PE
    Total System Jitter     (TSJ):    0.071ns
    Discrete Jitter          (DJ):    0.175ns
    Phase Error              (PE):    0.000ns

    Location             Delay type                Incr(ns)  Path(ns)    Netlist Resource(s)
  -------------------------------------------------------------------    -------------------
                         (clock clk_25_clk_wiz_0 rise edge)
                                                      0.000     0.000 r  
    BUFGCTRL_X0Y2        BUFG                         0.000     0.000 r  CLK_100MHZ_IBUF_BUFG_inst/O
                         net (fo=452, routed)         1.575     1.575    clk_gen/inst/clk_in1
    MMCME2_ADV_X1Y0      MMCME2_ADV (Prop_mmcme2_adv_CLKIN1_CLKOUT0)
                                                     -3.333    -1.757 r  clk_gen/inst/mmcm_adv_inst/CLKOUT0
                         net (fo=1, routed)           1.661    -0.096    clk_gen/inst/clk_25_clk_wiz_0
    BUFGCTRL_X0Y0        BUFG (Prop_bufg_I_O)         0.096    -0.000 r  clk_gen/inst/clkout1_buf/O
                         net (fo=200, routed)         1.613     1.613    disp_buf/clk_25
    RAMB18_X0Y0          RAMB18E1                                     r  disp_buf/memory_reg/CLKBWRCLK
  -------------------------------------------------------------------    -------------------
    RAMB18_X0Y0          RAMB18E1 (Prop_ramb18e1_CLKBWRCLK_DOBDO[9])
                                                      2.454     4.067 r  disp_buf/memory_reg/DOBDO[9]
                         net (fo=1, routed)           0.923     4.990    graph_mapper/DOBDO[9]
    DSP48_X0Y0           DSP48E1                                      r  graph_mapper/scaled_product_reg/A[9]
  -------------------------------------------------------------------    -------------------

                         (clock clk_25_clk_wiz_0 rise edge)
                                                     40.000    40.000 r  
    BUFGCTRL_X0Y2        BUFG                         0.000    40.000 r  CLK_100MHZ_IBUF_BUFG_inst/O
                         net (fo=452, routed)         1.457    41.457    clk_gen/inst/clk_in1
    MMCME2_ADV_X1Y0      MMCME2_ADV (Prop_mmcme2_adv_CLKIN1_CLKOUT0)
                                                     -3.129    38.328 r  clk_gen/inst/mmcm_adv_inst/CLKOUT0
                         net (fo=1, routed)           1.581    39.909    clk_gen/inst/clk_25_clk_wiz_0
    BUFGCTRL_X0Y0        BUFG (Prop_bufg_I_O)         0.091    40.000 r  clk_gen/inst/clkout1_buf/O
                         net (fo=200, routed)         1.542    41.542    graph_mapper/clk_25
    DSP48_X0Y0           DSP48E1                                      r  graph_mapper/scaled_product_reg/CLK
                         clock pessimism              0.080    41.622    
                         clock uncertainty           -0.095    41.527    
    DSP48_X0Y0           DSP48E1 (Setup_dsp48e1_CLK_A[9])
                                                     -3.722    37.805    graph_mapper/scaled_product_reg
  -------------------------------------------------------------------
                         required time                         37.805    
                         arrival time                          -4.990    
  -------------------------------------------------------------------
                         slack                                 32.815    

Slack (MET) :             32.849ns  (required time - arrival time)
  Source:                 disp_buf/memory_reg/CLKBWRCLK
                            (rising edge-triggered cell RAMB18E1 clocked by clk_25_clk_wiz_0  {rise@0.000ns fall@20.000ns period=40.000ns})
  Destination:            graph_mapper/scaled_product_reg/A[15]
                            (rising edge-triggered cell DSP48E1 clocked by clk_25_clk_wiz_0  {rise@0.000ns fall@20.000ns period=40.000ns})
  Path Group:             clk_25_clk_wiz_0
  Path Type:              Setup (Max at Slow Process Corner)
  Requirement:            40.000ns  (clk_25_clk_wiz_0 rise@40.000ns - clk_25_clk_wiz_0 rise@0.000ns)
  Data Path Delay:        3.344ns  (logic 2.454ns (73.387%)  route 0.890ns (26.613%))
  Logic Levels:           0  
  Clock Path Skew:        0.009ns (DCD - SCD + CPR)
    Destination Clock Delay (DCD):    1.542ns = ( 41.542 - 40.000 ) 
    Source Clock Delay      (SCD):    1.613ns
    Clock Pessimism Removal (CPR):    0.080ns
  Clock Uncertainty:      0.095ns  ((TSJ^2 + DJ^2)^1/2) / 2 + PE
    Total System Jitter     (TSJ):    0.071ns
    Discrete Jitter          (DJ):    0.175ns
    Phase Error              (PE):    0.000ns

    Location             Delay type                Incr(ns)  Path(ns)    Netlist Resource(s)
  -------------------------------------------------------------------    -------------------
                         (clock clk_25_clk_wiz_0 rise edge)
                                                      0.000     0.000 r  
    BUFGCTRL_X0Y2        BUFG                         0.000     0.000 r  CLK_100MHZ_IBUF_BUFG_inst/O
                         net (fo=452, routed)         1.575     1.575    clk_gen/inst/clk_in1
    MMCME2_ADV_X1Y0      MMCME2_ADV (Prop_mmcme2_adv_CLKIN1_CLKOUT0)
                                                     -3.333    -1.757 r  clk_gen/inst/mmcm_adv_inst/CLKOUT0
                         net (fo=1, routed)           1.661    -0.096    clk_gen/inst/clk_25_clk_wiz_0
    BUFGCTRL_X0Y0        BUFG (Prop_bufg_I_O)         0.096    -0.000 r  clk_gen/inst/clkout1_buf/O
                         net (fo=200, routed)         1.613     1.613    disp_buf/clk_25
    RAMB18_X0Y0          RAMB18E1                                     r  disp_buf/memory_reg/CLKBWRCLK
  -------------------------------------------------------------------    -------------------
    RAMB18_X0Y0          RAMB18E1 (Prop_ramb18e1_CLKBWRCLK_DOBDO[15])
                                                      2.454     4.067 r  disp_buf/memory_reg/DOBDO[15]
                         net (fo=1, routed)           0.890     4.957    graph_mapper/DOBDO[15]
    DSP48_X0Y0           DSP48E1                                      r  graph_mapper/scaled_product_reg/A[15]
  -------------------------------------------------------------------    -------------------

                         (clock clk_25_clk_wiz_0 rise edge)
                                                     40.000    40.000 r  
    BUFGCTRL_X0Y2        BUFG                         0.000    40.000 r  CLK_100MHZ_IBUF_BUFG_inst/O
                         net (fo=452, routed)         1.457    41.457    clk_gen/inst/clk_in1
    MMCME2_ADV_X1Y0      MMCME2_ADV (Prop_mmcme2_adv_CLKIN1_CLKOUT0)
                                                     -3.129    38.328 r  clk_gen/inst/mmcm_adv_inst/CLKOUT0
                         net (fo=1, routed)           1.581    39.909    clk_gen/inst/clk_25_clk_wiz_0
    BUFGCTRL_X0Y0        BUFG (Prop_bufg_I_O)         0.091    40.000 r  clk_gen/inst/clkout1_buf/O
                         net (fo=200, routed)         1.542    41.542    graph_mapper/clk_25
    DSP48_X0Y0           DSP48E1                                      r  graph_mapper/scaled_product_reg/CLK
                         clock pessimism              0.080    41.622    
                         clock uncertainty           -0.095    41.527    
    DSP48_X0Y0           DSP48E1 (Setup_dsp48e1_CLK_A[15])
                                                     -3.722    37.805    graph_mapper/scaled_product_reg
  -------------------------------------------------------------------
                         required time                         37.805    
                         arrival time                          -4.957    
  -------------------------------------------------------------------
                         slack                                 32.849    

Slack (MET) :             32.855ns  (required time - arrival time)
  Source:                 disp_buf/memory_reg/CLKBWRCLK
                            (rising edge-triggered cell RAMB18E1 clocked by clk_25_clk_wiz_0  {rise@0.000ns fall@20.000ns period=40.000ns})
  Destination:            graph_mapper/scaled_product_reg/A[4]
                            (rising edge-triggered cell DSP48E1 clocked by clk_25_clk_wiz_0  {rise@0.000ns fall@20.000ns period=40.000ns})
  Path Group:             clk_25_clk_wiz_0
  Path Type:              Setup (Max at Slow Process Corner)
  Requirement:            40.000ns  (clk_25_clk_wiz_0 rise@40.000ns - clk_25_clk_wiz_0 rise@0.000ns)
  Data Path Delay:        3.338ns  (logic 2.454ns (73.525%)  route 0.884ns (26.475%))
  Logic Levels:           0  
  Clock Path Skew:        0.009ns (DCD - SCD + CPR)
    Destination Clock Delay (DCD):    1.542ns = ( 41.542 - 40.000 ) 
    Source Clock Delay      (SCD):    1.613ns
    Clock Pessimism Removal (CPR):    0.080ns
  Clock Uncertainty:      0.095ns  ((TSJ^2 + DJ^2)^1/2) / 2 + PE
    Total System Jitter     (TSJ):    0.071ns
    Discrete Jitter          (DJ):    0.175ns
    Phase Error              (PE):    0.000ns

    Location             Delay type                Incr(ns)  Path(ns)    Netlist Resource(s)
  -------------------------------------------------------------------    -------------------
                         (clock clk_25_clk_wiz_0 rise edge)
                                                      0.000     0.000 r  
    BUFGCTRL_X0Y2        BUFG                         0.000     0.000 r  CLK_100MHZ_IBUF_BUFG_inst/O
                         net (fo=452, routed)         1.575     1.575    clk_gen/inst/clk_in1
    MMCME2_ADV_X1Y0      MMCME2_ADV (Prop_mmcme2_adv_CLKIN1_CLKOUT0)
                                                     -3.333    -1.757 r  clk_gen/inst/mmcm_adv_inst/CLKOUT0
                         net (fo=1, routed)           1.661    -0.096    clk_gen/inst/clk_25_clk_wiz_0
    BUFGCTRL_X0Y0        BUFG (Prop_bufg_I_O)         0.096    -0.000 r  clk_gen/inst/clkout1_buf/O
                         net (fo=200, routed)         1.613     1.613    disp_buf/clk_25
    RAMB18_X0Y0          RAMB18E1                                     r  disp_buf/memory_reg/CLKBWRCLK
  -------------------------------------------------------------------    -------------------
    RAMB18_X0Y0          RAMB18E1 (Prop_ramb18e1_CLKBWRCLK_DOBDO[4])
                                                      2.454     4.067 r  disp_buf/memory_reg/DOBDO[4]
                         net (fo=1, routed)           0.884     4.951    graph_mapper/DOBDO[4]
    DSP48_X0Y0           DSP48E1                                      r  graph_mapper/scaled_product_reg/A[4]
  -------------------------------------------------------------------    -------------------

                         (clock clk_25_clk_wiz_0 rise edge)
                                                     40.000    40.000 r  
    BUFGCTRL_X0Y2        BUFG                         0.000    40.000 r  CLK_100MHZ_IBUF_BUFG_inst/O
                         net (fo=452, routed)         1.457    41.457    clk_gen/inst/clk_in1
    MMCME2_ADV_X1Y0      MMCME2_ADV (Prop_mmcme2_adv_CLKIN1_CLKOUT0)
                                                     -3.129    38.328 r  clk_gen/inst/mmcm_adv_inst/CLKOUT0
                         net (fo=1, routed)           1.581    39.909    clk_gen/inst/clk_25_clk_wiz_0
    BUFGCTRL_X0Y0        BUFG (Prop_bufg_I_O)         0.091    40.000 r  clk_gen/inst/clkout1_buf/O
                         net (fo=200, routed)         1.542    41.542    graph_mapper/clk_25
    DSP48_X0Y0           DSP48E1                                      r  graph_mapper/scaled_product_reg/CLK
                         clock pessimism              0.080    41.622    
                         clock uncertainty           -0.095    41.527    
    DSP48_X0Y0           DSP48E1 (Setup_dsp48e1_CLK_A[4])
                                                     -3.722    37.805    graph_mapper/scaled_product_reg
  -------------------------------------------------------------------
                         required time                         37.805    
                         arrival time                          -4.951    
  -------------------------------------------------------------------
                         slack                                 32.855    

Slack (MET) :             32.859ns  (required time - arrival time)
  Source:                 disp_buf/memory_reg/CLKBWRCLK
                            (rising edge-triggered cell RAMB18E1 clocked by clk_25_clk_wiz_0  {rise@0.000ns fall@20.000ns period=40.000ns})
  Destination:            graph_mapper/scaled_product_reg/A[2]
                            (rising edge-triggered cell DSP48E1 clocked by clk_25_clk_wiz_0  {rise@0.000ns fall@20.000ns period=40.000ns})
  Path Group:             clk_25_clk_wiz_0
  Path Type:              Setup (Max at Slow Process Corner)
  Requirement:            40.000ns  (clk_25_clk_wiz_0 rise@40.000ns - clk_25_clk_wiz_0 rise@0.000ns)
  Data Path Delay:        3.334ns  (logic 2.454ns (73.613%)  route 0.880ns (26.387%))
  Logic Levels:           0  
  Clock Path Skew:        0.009ns (DCD - SCD + CPR)
    Destination Clock Delay (DCD):    1.542ns = ( 41.542 - 40.000 ) 
    Source Clock Delay      (SCD):    1.613ns
    Clock Pessimism Removal (CPR):    0.080ns
  Clock Uncertainty:      0.095ns  ((TSJ^2 + DJ^2)^1/2) / 2 + PE
    Total System Jitter     (TSJ):    0.071ns
    Discrete Jitter          (DJ):    0.175ns
    Phase Error              (PE):    0.000ns

    Location             Delay type                Incr(ns)  Path(ns)    Netlist Resource(s)
  -------------------------------------------------------------------    -------------------
                         (clock clk_25_clk_wiz_0 rise edge)
                                                      0.000     0.000 r  
    BUFGCTRL_X0Y2        BUFG                         0.000     0.000 r  CLK_100MHZ_IBUF_BUFG_inst/O
                         net (fo=452, routed)         1.575     1.575    clk_gen/inst/clk_in1
    MMCME2_ADV_X1Y0      MMCME2_ADV (Prop_mmcme2_adv_CLKIN1_CLKOUT0)
                                                     -3.333    -1.757 r  clk_gen/inst/mmcm_adv_inst/CLKOUT0
                         net (fo=1, routed)           1.661    -0.096    clk_gen/inst/clk_25_clk_wiz_0
    BUFGCTRL_X0Y0        BUFG (Prop_bufg_I_O)         0.096    -0.000 r  clk_gen/inst/clkout1_buf/O
                         net (fo=200, routed)         1.613     1.613    disp_buf/clk_25
    RAMB18_X0Y0          RAMB18E1                                     r  disp_buf/memory_reg/CLKBWRCLK
  -------------------------------------------------------------------    -------------------
    RAMB18_X0Y0          RAMB18E1 (Prop_ramb18e1_CLKBWRCLK_DOBDO[2])
                                                      2.454     4.067 r  disp_buf/memory_reg/DOBDO[2]
                         net (fo=1, routed)           0.880     4.947    graph_mapper/DOBDO[2]
    DSP48_X0Y0           DSP48E1                                      r  graph_mapper/scaled_product_reg/A[2]
  -------------------------------------------------------------------    -------------------

                         (clock clk_25_clk_wiz_0 rise edge)
                                                     40.000    40.000 r  
    BUFGCTRL_X0Y2        BUFG                         0.000    40.000 r  CLK_100MHZ_IBUF_BUFG_inst/O
                         net (fo=452, routed)         1.457    41.457    clk_gen/inst/clk_in1
    MMCME2_ADV_X1Y0      MMCME2_ADV (Prop_mmcme2_adv_CLKIN1_CLKOUT0)
                                                     -3.129    38.328 r  clk_gen/inst/mmcm_adv_inst/CLKOUT0
                         net (fo=1, routed)           1.581    39.909    clk_gen/inst/clk_25_clk_wiz_0
    BUFGCTRL_X0Y0        BUFG (Prop_bufg_I_O)         0.091    40.000 r  clk_gen/inst/clkout1_buf/O
                         net (fo=200, routed)         1.542    41.542    graph_mapper/clk_25
    DSP48_X0Y0           DSP48E1                                      r  graph_mapper/scaled_product_reg/CLK
                         clock pessimism              0.080    41.622    
                         clock uncertainty           -0.095    41.527    
    DSP48_X0Y0           DSP48E1 (Setup_dsp48e1_CLK_A[2])
                                                     -3.722    37.805    graph_mapper/scaled_product_reg
  -------------------------------------------------------------------
                         required time                         37.805    
                         arrival time                          -4.947    
  -------------------------------------------------------------------
                         slack                                 32.859    

Slack (MET) :             32.861ns  (required time - arrival time)
  Source:                 disp_buf/memory_reg/CLKBWRCLK
                            (rising edge-triggered cell RAMB18E1 clocked by clk_25_clk_wiz_0  {rise@0.000ns fall@20.000ns period=40.000ns})
  Destination:            graph_mapper/scaled_product_reg/A[1]
                            (rising edge-triggered cell DSP48E1 clocked by clk_25_clk_wiz_0  {rise@0.000ns fall@20.000ns period=40.000ns})
  Path Group:             clk_25_clk_wiz_0
  Path Type:              Setup (Max at Slow Process Corner)
  Requirement:            40.000ns  (clk_25_clk_wiz_0 rise@40.000ns - clk_25_clk_wiz_0 rise@0.000ns)
  Data Path Delay:        3.332ns  (logic 2.454ns (73.657%)  route 0.878ns (26.343%))
  Logic Levels:           0  
  Clock Path Skew:        0.009ns (DCD - SCD + CPR)
    Destination Clock Delay (DCD):    1.542ns = ( 41.542 - 40.000 ) 
    Source Clock Delay      (SCD):    1.613ns
    Clock Pessimism Removal (CPR):    0.080ns
  Clock Uncertainty:      0.095ns  ((TSJ^2 + DJ^2)^1/2) / 2 + PE
    Total System Jitter     (TSJ):    0.071ns
    Discrete Jitter          (DJ):    0.175ns
    Phase Error              (PE):    0.000ns

    Location             Delay type                Incr(ns)  Path(ns)    Netlist Resource(s)
  -------------------------------------------------------------------    -------------------
                         (clock clk_25_clk_wiz_0 rise edge)
                                                      0.000     0.000 r  
    BUFGCTRL_X0Y2        BUFG                         0.000     0.000 r  CLK_100MHZ_IBUF_BUFG_inst/O
                         net (fo=452, routed)         1.575     1.575    clk_gen/inst/clk_in1
    MMCME2_ADV_X1Y0      MMCME2_ADV (Prop_mmcme2_adv_CLKIN1_CLKOUT0)
                                                     -3.333    -1.757 r  clk_gen/inst/mmcm_adv_inst/CLKOUT0
                         net (fo=1, routed)           1.661    -0.096    clk_gen/inst/clk_25_clk_wiz_0
    BUFGCTRL_X0Y0        BUFG (Prop_bufg_I_O)         0.096    -0.000 r  clk_gen/inst/clkout1_buf/O
                         net (fo=200, routed)         1.613     1.613    disp_buf/clk_25
    RAMB18_X0Y0          RAMB18E1                                     r  disp_buf/memory_reg/CLKBWRCLK
  -------------------------------------------------------------------    -------------------
    RAMB18_X0Y0          RAMB18E1 (Prop_ramb18e1_CLKBWRCLK_DOBDO[1])
                                                      2.454     4.067 r  disp_buf/memory_reg/DOBDO[1]
                         net (fo=1, routed)           0.878     4.945    graph_mapper/DOBDO[1]
    DSP48_X0Y0           DSP48E1                                      r  graph_mapper/scaled_product_reg/A[1]
  -------------------------------------------------------------------    -------------------

                         (clock clk_25_clk_wiz_0 rise edge)
                                                     40.000    40.000 r  
    BUFGCTRL_X0Y2        BUFG                         0.000    40.000 r  CLK_100MHZ_IBUF_BUFG_inst/O
                         net (fo=452, routed)         1.457    41.457    clk_gen/inst/clk_in1
    MMCME2_ADV_X1Y0      MMCME2_ADV (Prop_mmcme2_adv_CLKIN1_CLKOUT0)
                                                     -3.129    38.328 r  clk_gen/inst/mmcm_adv_inst/CLKOUT0
                         net (fo=1, routed)           1.581    39.909    clk_gen/inst/clk_25_clk_wiz_0
    BUFGCTRL_X0Y0        BUFG (Prop_bufg_I_O)         0.091    40.000 r  clk_gen/inst/clkout1_buf/O
                         net (fo=200, routed)         1.542    41.542    graph_mapper/clk_25
    DSP48_X0Y0           DSP48E1                                      r  graph_mapper/scaled_product_reg/CLK
                         clock pessimism              0.080    41.622    
                         clock uncertainty           -0.095    41.527    
    DSP48_X0Y0           DSP48E1 (Setup_dsp48e1_CLK_A[1])
                                                     -3.722    37.805    graph_mapper/scaled_product_reg
  -------------------------------------------------------------------
                         required time                         37.805    
                         arrival time                          -4.945    
  -------------------------------------------------------------------
                         slack                                 32.861    

Slack (MET) :             32.864ns  (required time - arrival time)
  Source:                 disp_buf/memory_reg/CLKBWRCLK
                            (rising edge-triggered cell RAMB18E1 clocked by clk_25_clk_wiz_0  {rise@0.000ns fall@20.000ns period=40.000ns})
  Destination:            graph_mapper/scaled_product_reg/A[13]
                            (rising edge-triggered cell DSP48E1 clocked by clk_25_clk_wiz_0  {rise@0.000ns fall@20.000ns period=40.000ns})
  Path Group:             clk_25_clk_wiz_0
  Path Type:              Setup (Max at Slow Process Corner)
  Requirement:            40.000ns  (clk_25_clk_wiz_0 rise@40.000ns - clk_25_clk_wiz_0 rise@0.000ns)
  Data Path Delay:        3.329ns  (logic 2.454ns (73.718%)  route 0.875ns (26.282%))
  Logic Levels:           0  
  Clock Path Skew:        0.009ns (DCD - SCD + CPR)
    Destination Clock Delay (DCD):    1.542ns = ( 41.542 - 40.000 ) 
    Source Clock Delay      (SCD):    1.613ns
    Clock Pessimism Removal (CPR):    0.080ns
  Clock Uncertainty:      0.095ns  ((TSJ^2 + DJ^2)^1/2) / 2 + PE
    Total System Jitter     (TSJ):    0.071ns
    Discrete Jitter          (DJ):    0.175ns
    Phase Error              (PE):    0.000ns

    Location             Delay type                Incr(ns)  Path(ns)    Netlist Resource(s)
  -------------------------------------------------------------------    -------------------
                         (clock clk_25_clk_wiz_0 rise edge)
                                                      0.000     0.000 r  
    BUFGCTRL_X0Y2        BUFG                         0.000     0.000 r  CLK_100MHZ_IBUF_BUFG_inst/O
                         net (fo=452, routed)         1.575     1.575    clk_gen/inst/clk_in1
    MMCME2_ADV_X1Y0      MMCME2_ADV (Prop_mmcme2_adv_CLKIN1_CLKOUT0)
                                                     -3.333    -1.757 r  clk_gen/inst/mmcm_adv_inst/CLKOUT0
                         net (fo=1, routed)           1.661    -0.096    clk_gen/inst/clk_25_clk_wiz_0
    BUFGCTRL_X0Y0        BUFG (Prop_bufg_I_O)         0.096    -0.000 r  clk_gen/inst/clkout1_buf/O
                         net (fo=200, routed)         1.613     1.613    disp_buf/clk_25
    RAMB18_X0Y0          RAMB18E1                                     r  disp_buf/memory_reg/CLKBWRCLK
  -------------------------------------------------------------------    -------------------
    RAMB18_X0Y0          RAMB18E1 (Prop_ramb18e1_CLKBWRCLK_DOBDO[13])
                                                      2.454     4.067 r  disp_buf/memory_reg/DOBDO[13]
                         net (fo=1, routed)           0.875     4.942    graph_mapper/DOBDO[13]
    DSP48_X0Y0           DSP48E1                                      r  graph_mapper/scaled_product_reg/A[13]
  -------------------------------------------------------------------    -------------------

                         (clock clk_25_clk_wiz_0 rise edge)
                                                     40.000    40.000 r  
    BUFGCTRL_X0Y2        BUFG                         0.000    40.000 r  CLK_100MHZ_IBUF_BUFG_inst/O
                         net (fo=452, routed)         1.457    41.457    clk_gen/inst/clk_in1
    MMCME2_ADV_X1Y0      MMCME2_ADV (Prop_mmcme2_adv_CLKIN1_CLKOUT0)
                                                     -3.129    38.328 r  clk_gen/inst/mmcm_adv_inst/CLKOUT0
                         net (fo=1, routed)           1.581    39.909    clk_gen/inst/clk_25_clk_wiz_0
    BUFGCTRL_X0Y0        BUFG (Prop_bufg_I_O)         0.091    40.000 r  clk_gen/inst/clkout1_buf/O
                         net (fo=200, routed)         1.542    41.542    graph_mapper/clk_25
    DSP48_X0Y0           DSP48E1                                      r  graph_mapper/scaled_product_reg/CLK
                         clock pessimism              0.080    41.622    
                         clock uncertainty           -0.095    41.527    
    DSP48_X0Y0           DSP48E1 (Setup_dsp48e1_CLK_A[13])
                                                     -3.722    37.805    graph_mapper/scaled_product_reg
  -------------------------------------------------------------------
                         required time                         37.805    
                         arrival time                          -4.942    
  -------------------------------------------------------------------
                         slack                                 32.864    

Slack (MET) :             32.940ns  (required time - arrival time)
  Source:                 disp_buf/memory_reg/CLKBWRCLK
                            (rising edge-triggered cell RAMB18E1 clocked by clk_25_clk_wiz_0  {rise@0.000ns fall@20.000ns period=40.000ns})
  Destination:            graph_mapper/scaled_product_reg/A[11]
                            (rising edge-triggered cell DSP48E1 clocked by clk_25_clk_wiz_0  {rise@0.000ns fall@20.000ns period=40.000ns})
  Path Group:             clk_25_clk_wiz_0
  Path Type:              Setup (Max at Slow Process Corner)
  Requirement:            40.000ns  (clk_25_clk_wiz_0 rise@40.000ns - clk_25_clk_wiz_0 rise@0.000ns)
  Data Path Delay:        3.252ns  (logic 2.454ns (75.451%)  route 0.798ns (24.549%))
  Logic Levels:           0  
  Clock Path Skew:        0.009ns (DCD - SCD + CPR)
    Destination Clock Delay (DCD):    1.542ns = ( 41.542 - 40.000 ) 
    Source Clock Delay      (SCD):    1.613ns
    Clock Pessimism Removal (CPR):    0.080ns
  Clock Uncertainty:      0.095ns  ((TSJ^2 + DJ^2)^1/2) / 2 + PE
    Total System Jitter     (TSJ):    0.071ns
    Discrete Jitter          (DJ):    0.175ns
    Phase Error              (PE):    0.000ns

    Location             Delay type                Incr(ns)  Path(ns)    Netlist Resource(s)
  -------------------------------------------------------------------    -------------------
                         (clock clk_25_clk_wiz_0 rise edge)
                                                      0.000     0.000 r  
    BUFGCTRL_X0Y2        BUFG                         0.000     0.000 r  CLK_100MHZ_IBUF_BUFG_inst/O
                         net (fo=452, routed)         1.575     1.575    clk_gen/inst/clk_in1
    MMCME2_ADV_X1Y0      MMCME2_ADV (Prop_mmcme2_adv_CLKIN1_CLKOUT0)
                                                     -3.333    -1.757 r  clk_gen/inst/mmcm_adv_inst/CLKOUT0
                         net (fo=1, routed)           1.661    -0.096    clk_gen/inst/clk_25_clk_wiz_0
    BUFGCTRL_X0Y0        BUFG (Prop_bufg_I_O)         0.096    -0.000 r  clk_gen/inst/clkout1_buf/O
                         net (fo=200, routed)         1.613     1.613    disp_buf/clk_25
    RAMB18_X0Y0          RAMB18E1                                     r  disp_buf/memory_reg/CLKBWRCLK
  -------------------------------------------------------------------    -------------------
    RAMB18_X0Y0          RAMB18E1 (Prop_ramb18e1_CLKBWRCLK_DOBDO[11])
                                                      2.454     4.067 r  disp_buf/memory_reg/DOBDO[11]
                         net (fo=1, routed)           0.798     4.865    graph_mapper/DOBDO[11]
    DSP48_X0Y0           DSP48E1                                      r  graph_mapper/scaled_product_reg/A[11]
  -------------------------------------------------------------------    -------------------

                         (clock clk_25_clk_wiz_0 rise edge)
                                                     40.000    40.000 r  
    BUFGCTRL_X0Y2        BUFG                         0.000    40.000 r  CLK_100MHZ_IBUF_BUFG_inst/O
                         net (fo=452, routed)         1.457    41.457    clk_gen/inst/clk_in1
    MMCME2_ADV_X1Y0      MMCME2_ADV (Prop_mmcme2_adv_CLKIN1_CLKOUT0)
                                                     -3.129    38.328 r  clk_gen/inst/mmcm_adv_inst/CLKOUT0
                         net (fo=1, routed)           1.581    39.909    clk_gen/inst/clk_25_clk_wiz_0
    BUFGCTRL_X0Y0        BUFG (Prop_bufg_I_O)         0.091    40.000 r  clk_gen/inst/clkout1_buf/O
                         net (fo=200, routed)         1.542    41.542    graph_mapper/clk_25
    DSP48_X0Y0           DSP48E1                                      r  graph_mapper/scaled_product_reg/CLK
                         clock pessimism              0.080    41.622    
                         clock uncertainty           -0.095    41.527    
    DSP48_X0Y0           DSP48E1 (Setup_dsp48e1_CLK_A[11])
                                                     -3.722    37.805    graph_mapper/scaled_product_reg
  -------------------------------------------------------------------
                         required time                         37.805    
                         arrival time                          -4.865    
  -------------------------------------------------------------------
                         slack                                 32.940    





Min Delay Paths
--------------------------------------------------------------------------------------
Slack (MET) :             0.133ns  (arrival time - required time)
  Source:                 vga_ctrl/vc_reg[5]/C
                            (rising edge-triggered cell FDCE clocked by clk_25_clk_wiz_0  {rise@0.000ns fall@20.000ns period=40.000ns})
  Destination:            graph_mapper/drawY_q2_reg[5]_srl2/D
                            (rising edge-triggered cell SRL16E clocked by clk_25_clk_wiz_0  {rise@0.000ns fall@20.000ns period=40.000ns})
  Path Group:             clk_25_clk_wiz_0
  Path Type:              Hold (Min at Fast Process Corner)
  Requirement:            0.000ns  (clk_25_clk_wiz_0 rise@0.000ns - clk_25_clk_wiz_0 rise@0.000ns)
  Data Path Delay:        0.265ns  (logic 0.141ns (53.146%)  route 0.124ns (46.854%))
  Logic Levels:           0  
  Clock Path Skew:        0.017ns (DCD - SCD - CPR)
    Destination Clock Delay (DCD):    0.867ns
    Source Clock Delay      (SCD):    0.595ns
    Clock Pessimism Removal (CPR):    0.255ns

    Location             Delay type                Incr(ns)  Path(ns)    Netlist Resource(s)
  -------------------------------------------------------------------    -------------------
                         (clock clk_25_clk_wiz_0 rise edge)
                                                      0.000     0.000 r  
    BUFGCTRL_X0Y2        BUFG                         0.000     0.000 r  CLK_100MHZ_IBUF_BUFG_inst/O
                         net (fo=452, routed)         0.549     0.549    clk_gen/inst/clk_in1
    MMCME2_ADV_X1Y0      MMCME2_ADV (Prop_mmcme2_adv_CLKIN1_CLKOUT0)
                                                     -1.061    -0.512 r  clk_gen/inst/mmcm_adv_inst/CLKOUT0
                         net (fo=1, routed)           0.486    -0.026    clk_gen/inst/clk_25_clk_wiz_0
    BUFGCTRL_X0Y0        BUFG (Prop_bufg_I_O)         0.026     0.000 r  clk_gen/inst/clkout1_buf/O
                         net (fo=200, routed)         0.595     0.595    vga_ctrl/clk_25
    SLICE_X0Y3           FDCE                                         r  vga_ctrl/vc_reg[5]/C
  -------------------------------------------------------------------    -------------------
    SLICE_X0Y3           FDCE (Prop_fdce_C_Q)         0.141     0.736 r  vga_ctrl/vc_reg[5]/Q
                         net (fo=9, routed)           0.124     0.860    graph_mapper/Q[5]
    SLICE_X2Y2           SRL16E                                       r  graph_mapper/drawY_q2_reg[5]_srl2/D
  -------------------------------------------------------------------    -------------------

                         (clock clk_25_clk_wiz_0 rise edge)
                                                      0.000     0.000 r  
    BUFGCTRL_X0Y2        BUFG                         0.000     0.000 r  CLK_100MHZ_IBUF_BUFG_inst/O
                         net (fo=452, routed)         0.817     0.817    clk_gen/inst/clk_in1
    MMCME2_ADV_X1Y0      MMCME2_ADV (Prop_mmcme2_adv_CLKIN1_CLKOUT0)
                                                     -1.375    -0.559 r  clk_gen/inst/mmcm_adv_inst/CLKOUT0
                         net (fo=1, routed)           0.530    -0.029    clk_gen/inst/clk_25_clk_wiz_0
    BUFGCTRL_X0Y0        BUFG (Prop_bufg_I_O)         0.029     0.000 r  clk_gen/inst/clkout1_buf/O
                         net (fo=200, routed)         0.867     0.867    graph_mapper/clk_25
    SLICE_X2Y2           SRL16E                                       r  graph_mapper/drawY_q2_reg[5]_srl2/CLK
                         clock pessimism             -0.255     0.612    
    SLICE_X2Y2           SRL16E (Hold_srl16e_CLK_D)
                                                      0.115     0.727    graph_mapper/drawY_q2_reg[5]_srl2
  -------------------------------------------------------------------
                         required time                         -0.727    
                         arrival time                           0.860    
  -------------------------------------------------------------------
                         slack                                  0.133    

Slack (MET) :             0.134ns  (arrival time - required time)
  Source:                 graph_mapper/blue_reg[3]/C
                            (rising edge-triggered cell FDRE clocked by clk_25_clk_wiz_0  {rise@0.000ns fall@20.000ns period=40.000ns})
  Destination:            hdmi_tx/inst/srldly_0/srl[36].srl16_i/D
                            (rising edge-triggered cell SRL16E clocked by clk_25_clk_wiz_0  {rise@0.000ns fall@20.000ns period=40.000ns})
  Path Group:             clk_25_clk_wiz_0
  Path Type:              Hold (Min at Fast Process Corner)
  Requirement:            0.000ns  (clk_25_clk_wiz_0 rise@0.000ns - clk_25_clk_wiz_0 rise@0.000ns)
  Data Path Delay:        0.251ns  (logic 0.141ns (56.174%)  route 0.110ns (43.826%))
  Logic Levels:           0  
  Clock Path Skew:        0.015ns (DCD - SCD - CPR)
    Destination Clock Delay (DCD):    0.861ns
    Source Clock Delay      (SCD):    0.591ns
    Clock Pessimism Removal (CPR):    0.255ns

    Location             Delay type                Incr(ns)  Path(ns)    Netlist Resource(s)
  -------------------------------------------------------------------    -------------------
                         (clock clk_25_clk_wiz_0 rise edge)
                                                      0.000     0.000 r  
    BUFGCTRL_X0Y2        BUFG                         0.000     0.000 r  CLK_100MHZ_IBUF_BUFG_inst/O
                         net (fo=452, routed)         0.549     0.549    clk_gen/inst/clk_in1
    MMCME2_ADV_X1Y0      MMCME2_ADV (Prop_mmcme2_adv_CLKIN1_CLKOUT0)
                                                     -1.061    -0.512 r  clk_gen/inst/mmcm_adv_inst/CLKOUT0
                         net (fo=1, routed)           0.486    -0.026    clk_gen/inst/clk_25_clk_wiz_0
    BUFGCTRL_X0Y0        BUFG (Prop_bufg_I_O)         0.026     0.000 r  clk_gen/inst/clkout1_buf/O
                         net (fo=200, routed)         0.591     0.591    graph_mapper/clk_25
    SLICE_X3Y15          FDRE                                         r  graph_mapper/blue_reg[3]/C
  -------------------------------------------------------------------    -------------------
    SLICE_X3Y15          FDRE (Prop_fdre_C_Q)         0.141     0.732 r  graph_mapper/blue_reg[3]/Q
                         net (fo=4, routed)           0.110     0.842    hdmi_tx/inst/srldly_0/data_i[22]
    SLICE_X2Y14          SRL16E                                       r  hdmi_tx/inst/srldly_0/srl[36].srl16_i/D
  -------------------------------------------------------------------    -------------------

                         (clock clk_25_clk_wiz_0 rise edge)
                                                      0.000     0.000 r  
    BUFGCTRL_X0Y2        BUFG                         0.000     0.000 r  CLK_100MHZ_IBUF_BUFG_inst/O
                         net (fo=452, routed)         0.817     0.817    clk_gen/inst/clk_in1
    MMCME2_ADV_X1Y0      MMCME2_ADV (Prop_mmcme2_adv_CLKIN1_CLKOUT0)
                                                     -1.375    -0.559 r  clk_gen/inst/mmcm_adv_inst/CLKOUT0
                         net (fo=1, routed)           0.530    -0.029    clk_gen/inst/clk_25_clk_wiz_0
    BUFGCTRL_X0Y0        BUFG (Prop_bufg_I_O)         0.029     0.000 r  clk_gen/inst/clkout1_buf/O
                         net (fo=200, routed)         0.861     0.861    hdmi_tx/inst/srldly_0/pix_clk
    SLICE_X2Y14          SRL16E                                       r  hdmi_tx/inst/srldly_0/srl[36].srl16_i/CLK
                         clock pessimism             -0.255     0.606    
    SLICE_X2Y14          SRL16E (Hold_srl16e_CLK_D)
                                                      0.102     0.708    hdmi_tx/inst/srldly_0/srl[36].srl16_i
  -------------------------------------------------------------------
                         required time                         -0.708    
                         arrival time                           0.842    
  -------------------------------------------------------------------
                         slack                                  0.134    

Slack (MET) :             0.134ns  (arrival time - required time)
  Source:                 vga_ctrl/vc_reg[4]/C
                            (rising edge-triggered cell FDCE clocked by clk_25_clk_wiz_0  {rise@0.000ns fall@20.000ns period=40.000ns})
  Destination:            graph_mapper/drawY_q2_reg[4]_srl2/D
                            (rising edge-triggered cell SRL16E clocked by clk_25_clk_wiz_0  {rise@0.000ns fall@20.000ns period=40.000ns})
  Path Group:             clk_25_clk_wiz_0
  Path Type:              Hold (Min at Fast Process Corner)
  Requirement:            0.000ns  (clk_25_clk_wiz_0 rise@0.000ns - clk_25_clk_wiz_0 rise@0.000ns)
  Data Path Delay:        0.268ns  (logic 0.141ns (52.595%)  route 0.127ns (47.405%))
  Logic Levels:           0  
  Clock Path Skew:        0.017ns (DCD - SCD - CPR)
    Destination Clock Delay (DCD):    0.867ns
    Source Clock Delay      (SCD):    0.595ns
    Clock Pessimism Removal (CPR):    0.255ns

    Location             Delay type                Incr(ns)  Path(ns)    Netlist Resource(s)
  -------------------------------------------------------------------    -------------------
                         (clock clk_25_clk_wiz_0 rise edge)
                                                      0.000     0.000 r  
    BUFGCTRL_X0Y2        BUFG                         0.000     0.000 r  CLK_100MHZ_IBUF_BUFG_inst/O
                         net (fo=452, routed)         0.549     0.549    clk_gen/inst/clk_in1
    MMCME2_ADV_X1Y0      MMCME2_ADV (Prop_mmcme2_adv_CLKIN1_CLKOUT0)
                                                     -1.061    -0.512 r  clk_gen/inst/mmcm_adv_inst/CLKOUT0
                         net (fo=1, routed)           0.486    -0.026    clk_gen/inst/clk_25_clk_wiz_0
    BUFGCTRL_X0Y0        BUFG (Prop_bufg_I_O)         0.026     0.000 r  clk_gen/inst/clkout1_buf/O
                         net (fo=200, routed)         0.595     0.595    vga_ctrl/clk_25
    SLICE_X0Y3           FDCE                                         r  vga_ctrl/vc_reg[4]/C
  -------------------------------------------------------------------    -------------------
    SLICE_X0Y3           FDCE (Prop_fdce_C_Q)         0.141     0.736 r  vga_ctrl/vc_reg[4]/Q
                         net (fo=8, routed)           0.127     0.863    graph_mapper/Q[4]
    SLICE_X2Y2           SRL16E                                       r  graph_mapper/drawY_q2_reg[4]_srl2/D
  -------------------------------------------------------------------    -------------------

                         (clock clk_25_clk_wiz_0 rise edge)
                                                      0.000     0.000 r  
    BUFGCTRL_X0Y2        BUFG                         0.000     0.000 r  CLK_100MHZ_IBUF_BUFG_inst/O
                         net (fo=452, routed)         0.817     0.817    clk_gen/inst/clk_in1
    MMCME2_ADV_X1Y0      MMCME2_ADV (Prop_mmcme2_adv_CLKIN1_CLKOUT0)
                                                     -1.375    -0.559 r  clk_gen/inst/mmcm_adv_inst/CLKOUT0
                         net (fo=1, routed)           0.530    -0.029    clk_gen/inst/clk_25_clk_wiz_0
    BUFGCTRL_X0Y0        BUFG (Prop_bufg_I_O)         0.029     0.000 r  clk_gen/inst/clkout1_buf/O
                         net (fo=200, routed)         0.867     0.867    graph_mapper/clk_25
    SLICE_X2Y2           SRL16E                                       r  graph_mapper/drawY_q2_reg[4]_srl2/CLK
                         clock pessimism             -0.255     0.612    
    SLICE_X2Y2           SRL16E (Hold_srl16e_CLK_D)
                                                      0.117     0.729    graph_mapper/drawY_q2_reg[4]_srl2
  -------------------------------------------------------------------
                         required time                         -0.729    
                         arrival time                           0.863    
  -------------------------------------------------------------------
                         slack                                  0.134    

Slack (MET) :             0.144ns  (arrival time - required time)
  Source:                 vga_ctrl/vc_reg[7]/C
                            (rising edge-triggered cell FDCE clocked by clk_25_clk_wiz_0  {rise@0.000ns fall@20.000ns period=40.000ns})
  Destination:            graph_mapper/drawY_q2_reg[7]_srl2/D
                            (rising edge-triggered cell SRL16E clocked by clk_25_clk_wiz_0  {rise@0.000ns fall@20.000ns period=40.000ns})
  Path Group:             clk_25_clk_wiz_0
  Path Type:              Hold (Min at Fast Process Corner)
  Requirement:            0.000ns  (clk_25_clk_wiz_0 rise@0.000ns - clk_25_clk_wiz_0 rise@0.000ns)
  Data Path Delay:        0.343ns  (logic 0.141ns (41.140%)  route 0.202ns (58.860%))
  Logic Levels:           0  
  Clock Path Skew:        0.016ns (DCD - SCD - CPR)
    Destination Clock Delay (DCD):    0.867ns
    Source Clock Delay      (SCD):    0.596ns
    Clock Pessimism Removal (CPR):    0.255ns

    Location             Delay type                Incr(ns)  Path(ns)    Netlist Resource(s)
  -------------------------------------------------------------------    -------------------
                         (clock clk_25_clk_wiz_0 rise edge)
                                                      0.000     0.000 r  
    BUFGCTRL_X0Y2        BUFG                         0.000     0.000 r  CLK_100MHZ_IBUF_BUFG_inst/O
                         net (fo=452, routed)         0.549     0.549    clk_gen/inst/clk_in1
    MMCME2_ADV_X1Y0      MMCME2_ADV (Prop_mmcme2_adv_CLKIN1_CLKOUT0)
                                                     -1.061    -0.512 r  clk_gen/inst/mmcm_adv_inst/CLKOUT0
                         net (fo=1, routed)           0.486    -0.026    clk_gen/inst/clk_25_clk_wiz_0
    BUFGCTRL_X0Y0        BUFG (Prop_bufg_I_O)         0.026     0.000 r  clk_gen/inst/clkout1_buf/O
                         net (fo=200, routed)         0.596     0.596    vga_ctrl/clk_25
    SLICE_X1Y2           FDCE                                         r  vga_ctrl/vc_reg[7]/C
  -------------------------------------------------------------------    -------------------
    SLICE_X1Y2           FDCE (Prop_fdce_C_Q)         0.141     0.737 r  vga_ctrl/vc_reg[7]/Q
                         net (fo=7, routed)           0.202     0.938    graph_mapper/Q[7]
    SLICE_X2Y2           SRL16E                                       r  graph_mapper/drawY_q2_reg[7]_srl2/D
  -------------------------------------------------------------------    -------------------

                         (clock clk_25_clk_wiz_0 rise edge)
                                                      0.000     0.000 r  
    BUFGCTRL_X0Y2        BUFG                         0.000     0.000 r  CLK_100MHZ_IBUF_BUFG_inst/O
                         net (fo=452, routed)         0.817     0.817    clk_gen/inst/clk_in1
    MMCME2_ADV_X1Y0      MMCME2_ADV (Prop_mmcme2_adv_CLKIN1_CLKOUT0)
                                                     -1.375    -0.559 r  clk_gen/inst/mmcm_adv_inst/CLKOUT0
                         net (fo=1, routed)           0.530    -0.029    clk_gen/inst/clk_25_clk_wiz_0
    BUFGCTRL_X0Y0        BUFG (Prop_bufg_I_O)         0.029     0.000 r  clk_gen/inst/clkout1_buf/O
                         net (fo=200, routed)         0.867     0.867    graph_mapper/clk_25
    SLICE_X2Y2           SRL16E                                       r  graph_mapper/drawY_q2_reg[7]_srl2/CLK
                         clock pessimism             -0.255     0.612    
    SLICE_X2Y2           SRL16E (Hold_srl16e_CLK_D)
                                                      0.183     0.795    graph_mapper/drawY_q2_reg[7]_srl2
  -------------------------------------------------------------------
                         required time                         -0.795    
                         arrival time                           0.938    
  -------------------------------------------------------------------
                         slack                                  0.144    

Slack (MET) :             0.152ns  (arrival time - required time)
  Source:                 hdmi_tx/inst/encr/q_m_reg_reg[8]/C
                            (rising edge-triggered cell FDRE clocked by clk_25_clk_wiz_0  {rise@0.000ns fall@20.000ns period=40.000ns})
  Destination:            hdmi_tx/inst/encr/dout_reg[8]/D
                            (rising edge-triggered cell FDCE clocked by clk_25_clk_wiz_0  {rise@0.000ns fall@20.000ns period=40.000ns})
  Path Group:             clk_25_clk_wiz_0
  Path Type:              Hold (Min at Fast Process Corner)
  Requirement:            0.000ns  (clk_25_clk_wiz_0 rise@0.000ns - clk_25_clk_wiz_0 rise@0.000ns)
  Data Path Delay:        0.257ns  (logic 0.186ns (72.506%)  route 0.071ns (27.494%))
  Logic Levels:           1  (LUT3=1)
  Clock Path Skew:        0.013ns (DCD - SCD - CPR)
    Destination Clock Delay (DCD):    0.851ns
    Source Clock Delay      (SCD):    0.583ns
    Clock Pessimism Removal (CPR):    0.255ns

    Location             Delay type                Incr(ns)  Path(ns)    Netlist Resource(s)
  -------------------------------------------------------------------    -------------------
                         (clock clk_25_clk_wiz_0 rise edge)
                                                      0.000     0.000 r  
    BUFGCTRL_X0Y2        BUFG                         0.000     0.000 r  CLK_100MHZ_IBUF_BUFG_inst/O
                         net (fo=452, routed)         0.549     0.549    clk_gen/inst/clk_in1
    MMCME2_ADV_X1Y0      MMCME2_ADV (Prop_mmcme2_adv_CLKIN1_CLKOUT0)
                                                     -1.061    -0.512 r  clk_gen/inst/mmcm_adv_inst/CLKOUT0
                         net (fo=1, routed)           0.486    -0.026    clk_gen/inst/clk_25_clk_wiz_0
    BUFGCTRL_X0Y0        BUFG (Prop_bufg_I_O)         0.026     0.000 r  clk_gen/inst/clkout1_buf/O
                         net (fo=200, routed)         0.583     0.583    hdmi_tx/inst/encr/pix_clk
    SLICE_X1Y23          FDRE                                         r  hdmi_tx/inst/encr/q_m_reg_reg[8]/C
  -------------------------------------------------------------------    -------------------
    SLICE_X1Y23          FDRE (Prop_fdre_C_Q)         0.141     0.724 r  hdmi_tx/inst/encr/q_m_reg_reg[8]/Q
                         net (fo=12, routed)          0.071     0.794    hdmi_tx/inst/encr/q_m_reg_reg_n_0_[8]
    SLICE_X0Y23          LUT3 (Prop_lut3_I0_O)        0.045     0.839 r  hdmi_tx/inst/encr/dout[8]_i_1__1/O
                         net (fo=1, routed)           0.000     0.839    hdmi_tx/inst/encr/dout[8]_i_1__1_n_0
    SLICE_X0Y23          FDCE                                         r  hdmi_tx/inst/encr/dout_reg[8]/D
  -------------------------------------------------------------------    -------------------

                         (clock clk_25_clk_wiz_0 rise edge)
                                                      0.000     0.000 r  
    BUFGCTRL_X0Y2        BUFG                         0.000     0.000 r  CLK_100MHZ_IBUF_BUFG_inst/O
                         net (fo=452, routed)         0.817     0.817    clk_gen/inst/clk_in1
    MMCME2_ADV_X1Y0      MMCME2_ADV (Prop_mmcme2_adv_CLKIN1_CLKOUT0)
                                                     -1.375    -0.559 r  clk_gen/inst/mmcm_adv_inst/CLKOUT0
                         net (fo=1, routed)           0.530    -0.029    clk_gen/inst/clk_25_clk_wiz_0
    BUFGCTRL_X0Y0        BUFG (Prop_bufg_I_O)         0.029     0.000 r  clk_gen/inst/clkout1_buf/O
                         net (fo=200, routed)         0.851     0.851    hdmi_tx/inst/encr/pix_clk
    SLICE_X0Y23          FDCE                                         r  hdmi_tx/inst/encr/dout_reg[8]/C
                         clock pessimism             -0.255     0.596    
    SLICE_X0Y23          FDCE (Hold_fdce_C_D)         0.092     0.688    hdmi_tx/inst/encr/dout_reg[8]
  -------------------------------------------------------------------
                         required time                         -0.688    
                         arrival time                           0.839    
  -------------------------------------------------------------------
                         slack                                  0.152    

Slack (MET) :             0.153ns  (arrival time - required time)
  Source:                 vga_ctrl/vc_reg[9]/C
                            (rising edge-triggered cell FDCE clocked by clk_25_clk_wiz_0  {rise@0.000ns fall@20.000ns period=40.000ns})
  Destination:            graph_mapper/drawY_q2_reg[9]_srl2/D
                            (rising edge-triggered cell SRL16E clocked by clk_25_clk_wiz_0  {rise@0.000ns fall@20.000ns period=40.000ns})
  Path Group:             clk_25_clk_wiz_0
  Path Type:              Hold (Min at Fast Process Corner)
  Requirement:            0.000ns  (clk_25_clk_wiz_0 rise@0.000ns - clk_25_clk_wiz_0 rise@0.000ns)
  Data Path Delay:        0.278ns  (logic 0.141ns (50.676%)  route 0.137ns (49.324%))
  Logic Levels:           0  
  Clock Path Skew:        0.016ns (DCD - SCD - CPR)
    Destination Clock Delay (DCD):    0.866ns
    Source Clock Delay      (SCD):    0.595ns
    Clock Pessimism Removal (CPR):    0.255ns

    Location             Delay type                Incr(ns)  Path(ns)    Netlist Resource(s)
  -------------------------------------------------------------------    -------------------
                         (clock clk_25_clk_wiz_0 rise edge)
                                                      0.000     0.000 r  
    BUFGCTRL_X0Y2        BUFG                         0.000     0.000 r  CLK_100MHZ_IBUF_BUFG_inst/O
                         net (fo=452, routed)         0.549     0.549    clk_gen/inst/clk_in1
    MMCME2_ADV_X1Y0      MMCME2_ADV (Prop_mmcme2_adv_CLKIN1_CLKOUT0)
                                                     -1.061    -0.512 r  clk_gen/inst/mmcm_adv_inst/CLKOUT0
                         net (fo=1, routed)           0.486    -0.026    clk_gen/inst/clk_25_clk_wiz_0
    BUFGCTRL_X0Y0        BUFG (Prop_bufg_I_O)         0.026     0.000 r  clk_gen/inst/clkout1_buf/O
                         net (fo=200, routed)         0.595     0.595    vga_ctrl/clk_25
    SLICE_X1Y3           FDCE                                         r  vga_ctrl/vc_reg[9]/C
  -------------------------------------------------------------------    -------------------
    SLICE_X1Y3           FDCE (Prop_fdce_C_Q)         0.141     0.736 r  vga_ctrl/vc_reg[9]/Q
                         net (fo=6, routed)           0.137     0.873    graph_mapper/Q[9]
    SLICE_X2Y3           SRL16E                                       r  graph_mapper/drawY_q2_reg[9]_srl2/D
  -------------------------------------------------------------------    -------------------

                         (clock clk_25_clk_wiz_0 rise edge)
                                                      0.000     0.000 r  
    BUFGCTRL_X0Y2        BUFG                         0.000     0.000 r  CLK_100MHZ_IBUF_BUFG_inst/O
                         net (fo=452, routed)         0.817     0.817    clk_gen/inst/clk_in1
    MMCME2_ADV_X1Y0      MMCME2_ADV (Prop_mmcme2_adv_CLKIN1_CLKOUT0)
                                                     -1.375    -0.559 r  clk_gen/inst/mmcm_adv_inst/CLKOUT0
                         net (fo=1, routed)           0.530    -0.029    clk_gen/inst/clk_25_clk_wiz_0
    BUFGCTRL_X0Y0        BUFG (Prop_bufg_I_O)         0.029     0.000 r  clk_gen/inst/clkout1_buf/O
                         net (fo=200, routed)         0.866     0.866    graph_mapper/clk_25
    SLICE_X2Y3           SRL16E                                       r  graph_mapper/drawY_q2_reg[9]_srl2/CLK
                         clock pessimism             -0.255     0.611    
    SLICE_X2Y3           SRL16E (Hold_srl16e_CLK_D)
                                                      0.109     0.720    graph_mapper/drawY_q2_reg[9]_srl2
  -------------------------------------------------------------------
                         required time                         -0.720    
                         arrival time                           0.873    
  -------------------------------------------------------------------
                         slack                                  0.153    

Slack (MET) :             0.162ns  (arrival time - required time)
  Source:                 graph_mapper/current_bar_q2_reg[0]/C
                            (rising edge-triggered cell FDRE clocked by clk_25_clk_wiz_0  {rise@0.000ns fall@20.000ns period=40.000ns})
  Destination:            graph_mapper/current_bar_q3_reg[0]/D
                            (rising edge-triggered cell FDRE clocked by clk_25_clk_wiz_0  {rise@0.000ns fall@20.000ns period=40.000ns})
  Path Group:             clk_25_clk_wiz_0
  Path Type:              Hold (Min at Fast Process Corner)
  Requirement:            0.000ns  (clk_25_clk_wiz_0 rise@0.000ns - clk_25_clk_wiz_0 rise@0.000ns)
  Data Path Delay:        0.253ns  (logic 0.141ns (55.730%)  route 0.112ns (44.270%))
  Logic Levels:           0  
  Clock Path Skew:        0.016ns (DCD - SCD - CPR)
    Destination Clock Delay (DCD):    0.867ns
    Source Clock Delay      (SCD):    0.596ns
    Clock Pessimism Removal (CPR):    0.255ns

    Location             Delay type                Incr(ns)  Path(ns)    Netlist Resource(s)
  -------------------------------------------------------------------    -------------------
                         (clock clk_25_clk_wiz_0 rise edge)
                                                      0.000     0.000 r  
    BUFGCTRL_X0Y2        BUFG                         0.000     0.000 r  CLK_100MHZ_IBUF_BUFG_inst/O
                         net (fo=452, routed)         0.549     0.549    clk_gen/inst/clk_in1
    MMCME2_ADV_X1Y0      MMCME2_ADV (Prop_mmcme2_adv_CLKIN1_CLKOUT0)
                                                     -1.061    -0.512 r  clk_gen/inst/mmcm_adv_inst/CLKOUT0
                         net (fo=1, routed)           0.486    -0.026    clk_gen/inst/clk_25_clk_wiz_0
    BUFGCTRL_X0Y0        BUFG (Prop_bufg_I_O)         0.026     0.000 r  clk_gen/inst/clkout1_buf/O
                         net (fo=200, routed)         0.596     0.596    graph_mapper/clk_25
    SLICE_X1Y0           FDRE                                         r  graph_mapper/current_bar_q2_reg[0]/C
  -------------------------------------------------------------------    -------------------
    SLICE_X1Y0           FDRE (Prop_fdre_C_Q)         0.141     0.737 r  graph_mapper/current_bar_q2_reg[0]/Q
                         net (fo=1, routed)           0.112     0.849    graph_mapper/current_bar_q2[0]
    SLICE_X1Y1           FDRE                                         r  graph_mapper/current_bar_q3_reg[0]/D
  -------------------------------------------------------------------    -------------------

                         (clock clk_25_clk_wiz_0 rise edge)
                                                      0.000     0.000 r  
    BUFGCTRL_X0Y2        BUFG                         0.000     0.000 r  CLK_100MHZ_IBUF_BUFG_inst/O
                         net (fo=452, routed)         0.817     0.817    clk_gen/inst/clk_in1
    MMCME2_ADV_X1Y0      MMCME2_ADV (Prop_mmcme2_adv_CLKIN1_CLKOUT0)
                                                     -1.375    -0.559 r  clk_gen/inst/mmcm_adv_inst/CLKOUT0
                         net (fo=1, routed)           0.530    -0.029    clk_gen/inst/clk_25_clk_wiz_0
    BUFGCTRL_X0Y0        BUFG (Prop_bufg_I_O)         0.029     0.000 r  clk_gen/inst/clkout1_buf/O
                         net (fo=200, routed)         0.867     0.867    graph_mapper/clk_25
    SLICE_X1Y1           FDRE                                         r  graph_mapper/current_bar_q3_reg[0]/C
                         clock pessimism             -0.255     0.612    
    SLICE_X1Y1           FDRE (Hold_fdre_C_D)         0.075     0.687    graph_mapper/current_bar_q3_reg[0]
  -------------------------------------------------------------------
                         required time                         -0.687    
                         arrival time                           0.849    
  -------------------------------------------------------------------
                         slack                                  0.162    

Slack (MET) :             0.168ns  (arrival time - required time)
  Source:                 vga_ctrl/vc_reg[2]/C
                            (rising edge-triggered cell FDCE clocked by clk_25_clk_wiz_0  {rise@0.000ns fall@20.000ns period=40.000ns})
  Destination:            graph_mapper/drawY_q2_reg[2]_srl2/D
                            (rising edge-triggered cell SRL16E clocked by clk_25_clk_wiz_0  {rise@0.000ns fall@20.000ns period=40.000ns})
  Path Group:             clk_25_clk_wiz_0
  Path Type:              Hold (Min at Fast Process Corner)
  Requirement:            0.000ns  (clk_25_clk_wiz_0 rise@0.000ns - clk_25_clk_wiz_0 rise@0.000ns)
  Data Path Delay:        0.278ns  (logic 0.141ns (50.767%)  route 0.137ns (49.233%))
  Logic Levels:           0  
  Clock Path Skew:        0.016ns (DCD - SCD - CPR)
    Destination Clock Delay (DCD):    0.867ns
    Source Clock Delay      (SCD):    0.596ns
    Clock Pessimism Removal (CPR):    0.255ns

    Location             Delay type                Incr(ns)  Path(ns)    Netlist Resource(s)
  -------------------------------------------------------------------    -------------------
                         (clock clk_25_clk_wiz_0 rise edge)
                                                      0.000     0.000 r  
    BUFGCTRL_X0Y2        BUFG                         0.000     0.000 r  CLK_100MHZ_IBUF_BUFG_inst/O
                         net (fo=452, routed)         0.549     0.549    clk_gen/inst/clk_in1
    MMCME2_ADV_X1Y0      MMCME2_ADV (Prop_mmcme2_adv_CLKIN1_CLKOUT0)
                                                     -1.061    -0.512 r  clk_gen/inst/mmcm_adv_inst/CLKOUT0
                         net (fo=1, routed)           0.486    -0.026    clk_gen/inst/clk_25_clk_wiz_0
    BUFGCTRL_X0Y0        BUFG (Prop_bufg_I_O)         0.026     0.000 r  clk_gen/inst/clkout1_buf/O
                         net (fo=200, routed)         0.596     0.596    vga_ctrl/clk_25
    SLICE_X0Y2           FDCE                                         r  vga_ctrl/vc_reg[2]/C
  -------------------------------------------------------------------    -------------------
    SLICE_X0Y2           FDCE (Prop_fdce_C_Q)         0.141     0.737 r  vga_ctrl/vc_reg[2]/Q
                         net (fo=9, routed)           0.137     0.873    graph_mapper/Q[2]
    SLICE_X2Y2           SRL16E                                       r  graph_mapper/drawY_q2_reg[2]_srl2/D
  -------------------------------------------------------------------    -------------------

                         (clock clk_25_clk_wiz_0 rise edge)
                                                      0.000     0.000 r  
    BUFGCTRL_X0Y2        BUFG                         0.000     0.000 r  CLK_100MHZ_IBUF_BUFG_inst/O
                         net (fo=452, routed)         0.817     0.817    clk_gen/inst/clk_in1
    MMCME2_ADV_X1Y0      MMCME2_ADV (Prop_mmcme2_adv_CLKIN1_CLKOUT0)
                                                     -1.375    -0.559 r  clk_gen/inst/mmcm_adv_inst/CLKOUT0
                         net (fo=1, routed)           0.530    -0.029    clk_gen/inst/clk_25_clk_wiz_0
    BUFGCTRL_X0Y0        BUFG (Prop_bufg_I_O)         0.029     0.000 r  clk_gen/inst/clkout1_buf/O
                         net (fo=200, routed)         0.867     0.867    graph_mapper/clk_25
    SLICE_X2Y2           SRL16E                                       r  graph_mapper/drawY_q2_reg[2]_srl2/CLK
                         clock pessimism             -0.255     0.612    
    SLICE_X2Y2           SRL16E (Hold_srl16e_CLK_D)
                                                      0.094     0.706    graph_mapper/drawY_q2_reg[2]_srl2
  -------------------------------------------------------------------
                         required time                         -0.706    
                         arrival time                           0.873    
  -------------------------------------------------------------------
                         slack                                  0.168    

Slack (MET) :             0.177ns  (arrival time - required time)
  Source:                 graph_mapper/current_bar_q2_reg[2]/C
                            (rising edge-triggered cell FDRE clocked by clk_25_clk_wiz_0  {rise@0.000ns fall@20.000ns period=40.000ns})
  Destination:            graph_mapper/current_bar_q3_reg[2]/D
                            (rising edge-triggered cell FDRE clocked by clk_25_clk_wiz_0  {rise@0.000ns fall@20.000ns period=40.000ns})
  Path Group:             clk_25_clk_wiz_0
  Path Type:              Hold (Min at Fast Process Corner)
  Requirement:            0.000ns  (clk_25_clk_wiz_0 rise@0.000ns - clk_25_clk_wiz_0 rise@0.000ns)
  Data Path Delay:        0.260ns  (logic 0.141ns (54.232%)  route 0.119ns (45.768%))
  Logic Levels:           0  
  Clock Path Skew:        0.013ns (DCD - SCD - CPR)
    Destination Clock Delay (DCD):    0.867ns
    Source Clock Delay      (SCD):    0.596ns
    Clock Pessimism Removal (CPR):    0.258ns

    Location             Delay type                Incr(ns)  Path(ns)    Netlist Resource(s)
  -------------------------------------------------------------------    -------------------
                         (clock clk_25_clk_wiz_0 rise edge)
                                                      0.000     0.000 r  
    BUFGCTRL_X0Y2        BUFG                         0.000     0.000 r  CLK_100MHZ_IBUF_BUFG_inst/O
                         net (fo=452, routed)         0.549     0.549    clk_gen/inst/clk_in1
    MMCME2_ADV_X1Y0      MMCME2_ADV (Prop_mmcme2_adv_CLKIN1_CLKOUT0)
                                                     -1.061    -0.512 r  clk_gen/inst/mmcm_adv_inst/CLKOUT0
                         net (fo=1, routed)           0.486    -0.026    clk_gen/inst/clk_25_clk_wiz_0
    BUFGCTRL_X0Y0        BUFG (Prop_bufg_I_O)         0.026     0.000 r  clk_gen/inst/clkout1_buf/O
                         net (fo=200, routed)         0.596     0.596    graph_mapper/clk_25
    SLICE_X0Y1           FDRE                                         r  graph_mapper/current_bar_q2_reg[2]/C
  -------------------------------------------------------------------    -------------------
    SLICE_X0Y1           FDRE (Prop_fdre_C_Q)         0.141     0.737 r  graph_mapper/current_bar_q2_reg[2]/Q
                         net (fo=1, routed)           0.119     0.856    graph_mapper/current_bar_q2[2]
    SLICE_X1Y1           FDRE                                         r  graph_mapper/current_bar_q3_reg[2]/D
  -------------------------------------------------------------------    -------------------

                         (clock clk_25_clk_wiz_0 rise edge)
                                                      0.000     0.000 r  
    BUFGCTRL_X0Y2        BUFG                         0.000     0.000 r  CLK_100MHZ_IBUF_BUFG_inst/O
                         net (fo=452, routed)         0.817     0.817    clk_gen/inst/clk_in1
    MMCME2_ADV_X1Y0      MMCME2_ADV (Prop_mmcme2_adv_CLKIN1_CLKOUT0)
                                                     -1.375    -0.559 r  clk_gen/inst/mmcm_adv_inst/CLKOUT0
                         net (fo=1, routed)           0.530    -0.029    clk_gen/inst/clk_25_clk_wiz_0
    BUFGCTRL_X0Y0        BUFG (Prop_bufg_I_O)         0.029     0.000 r  clk_gen/inst/clkout1_buf/O
                         net (fo=200, routed)         0.867     0.867    graph_mapper/clk_25
    SLICE_X1Y1           FDRE                                         r  graph_mapper/current_bar_q3_reg[2]/C
                         clock pessimism             -0.258     0.609    
    SLICE_X1Y1           FDRE (Hold_fdre_C_D)         0.070     0.679    graph_mapper/current_bar_q3_reg[2]
  -------------------------------------------------------------------
                         required time                         -0.679    
                         arrival time                           0.856    
  -------------------------------------------------------------------
                         slack                                  0.177    

Slack (MET) :             0.179ns  (arrival time - required time)
  Source:                 hdmi_tx/inst/encr/q_m_reg_reg[3]/C
                            (rising edge-triggered cell FDRE clocked by clk_25_clk_wiz_0  {rise@0.000ns fall@20.000ns period=40.000ns})
  Destination:            hdmi_tx/inst/encr/dout_reg[3]/D
                            (rising edge-triggered cell FDCE clocked by clk_25_clk_wiz_0  {rise@0.000ns fall@20.000ns period=40.000ns})
  Path Group:             clk_25_clk_wiz_0
  Path Type:              Hold (Min at Fast Process Corner)
  Requirement:            0.000ns  (clk_25_clk_wiz_0 rise@0.000ns - clk_25_clk_wiz_0 rise@0.000ns)
  Data Path Delay:        0.283ns  (logic 0.186ns (65.755%)  route 0.097ns (34.245%))
  Logic Levels:           1  (LUT4=1)
  Clock Path Skew:        0.013ns (DCD - SCD - CPR)
    Destination Clock Delay (DCD):    0.851ns
    Source Clock Delay      (SCD):    0.583ns
    Clock Pessimism Removal (CPR):    0.255ns

    Location             Delay type                Incr(ns)  Path(ns)    Netlist Resource(s)
  -------------------------------------------------------------------    -------------------
                         (clock clk_25_clk_wiz_0 rise edge)
                                                      0.000     0.000 r  
    BUFGCTRL_X0Y2        BUFG                         0.000     0.000 r  CLK_100MHZ_IBUF_BUFG_inst/O
                         net (fo=452, routed)         0.549     0.549    clk_gen/inst/clk_in1
    MMCME2_ADV_X1Y0      MMCME2_ADV (Prop_mmcme2_adv_CLKIN1_CLKOUT0)
                                                     -1.061    -0.512 r  clk_gen/inst/mmcm_adv_inst/CLKOUT0
                         net (fo=1, routed)           0.486    -0.026    clk_gen/inst/clk_25_clk_wiz_0
    BUFGCTRL_X0Y0        BUFG (Prop_bufg_I_O)         0.026     0.000 r  clk_gen/inst/clkout1_buf/O
                         net (fo=200, routed)         0.583     0.583    hdmi_tx/inst/encr/pix_clk
    SLICE_X1Y23          FDRE                                         r  hdmi_tx/inst/encr/q_m_reg_reg[3]/C
  -------------------------------------------------------------------    -------------------
    SLICE_X1Y23          FDRE (Prop_fdre_C_Q)         0.141     0.724 r  hdmi_tx/inst/encr/q_m_reg_reg[3]/Q
                         net (fo=1, routed)           0.097     0.820    hdmi_tx/inst/encr/q_m_reg_reg_n_0_[3]
    SLICE_X0Y23          LUT4 (Prop_lut4_I2_O)        0.045     0.865 r  hdmi_tx/inst/encr/dout[3]_i_1__1/O
                         net (fo=1, routed)           0.000     0.865    hdmi_tx/inst/encr/dout[3]_i_1__1_n_0
    SLICE_X0Y23          FDCE                                         r  hdmi_tx/inst/encr/dout_reg[3]/D
  -------------------------------------------------------------------    -------------------

                         (clock clk_25_clk_wiz_0 rise edge)
                                                      0.000     0.000 r  
    BUFGCTRL_X0Y2        BUFG                         0.000     0.000 r  CLK_100MHZ_IBUF_BUFG_inst/O
                         net (fo=452, routed)         0.817     0.817    clk_gen/inst/clk_in1
    MMCME2_ADV_X1Y0      MMCME2_ADV (Prop_mmcme2_adv_CLKIN1_CLKOUT0)
                                                     -1.375    -0.559 r  clk_gen/inst/mmcm_adv_inst/CLKOUT0
                         net (fo=1, routed)           0.530    -0.029    clk_gen/inst/clk_25_clk_wiz_0
    BUFGCTRL_X0Y0        BUFG (Prop_bufg_I_O)         0.029     0.000 r  clk_gen/inst/clkout1_buf/O
                         net (fo=200, routed)         0.851     0.851    hdmi_tx/inst/encr/pix_clk
    SLICE_X0Y23          FDCE                                         r  hdmi_tx/inst/encr/dout_reg[3]/C
                         clock pessimism             -0.255     0.596    
    SLICE_X0Y23          FDCE (Hold_fdce_C_D)         0.091     0.687    hdmi_tx/inst/encr/dout_reg[3]
  -------------------------------------------------------------------
                         required time                         -0.687    
                         arrival time                           0.865    
  -------------------------------------------------------------------
                         slack                                  0.179    





Pulse Width Checks
--------------------------------------------------------------------------------------
Clock Name:         clk_25_clk_wiz_0
Waveform(ns):       { 0.000 20.000 }
Period(ns):         40.000
Sources:            { clk_gen/inst/mmcm_adv_inst/CLKOUT0 }

Check Type        Corner  Lib Pin             Reference Pin  Required(ns)  Actual(ns)  Slack(ns)  Location         Pin
Min Period        n/a     RAMB18E1/CLKBWRCLK  n/a            2.576         40.000      37.424     RAMB18_X0Y0      disp_buf/memory_reg/CLKBWRCLK
Min Period        n/a     BUFG/I              n/a            2.155         40.000      37.845     BUFGCTRL_X0Y0    clk_gen/inst/clkout1_buf/I
Min Period        n/a     DSP48E1/CLK         n/a            2.154         40.000      37.846     DSP48_X0Y0       graph_mapper/scaled_product_reg/CLK
Min Period        n/a     OSERDESE2/CLKDIV    n/a            1.667         40.000      38.333     OLOGIC_X0Y20     hdmi_tx/inst/serial_b/oserdes_m/CLKDIV
Min Period        n/a     OSERDESE2/CLKDIV    n/a            1.667         40.000      38.333     OLOGIC_X0Y19     hdmi_tx/inst/serial_b/oserdes_s/CLKDIV
Min Period        n/a     OSERDESE2/CLKDIV    n/a            1.667         40.000      38.333     OLOGIC_X0Y18     hdmi_tx/inst/serial_clk/oserdes_m/CLKDIV
Min Period        n/a     OSERDESE2/CLKDIV    n/a            1.667         40.000      38.333     OLOGIC_X0Y17     hdmi_tx/inst/serial_clk/oserdes_s/CLKDIV
Min Period        n/a     OSERDESE2/CLKDIV    n/a            1.667         40.000      38.333     OLOGIC_X0Y22     hdmi_tx/inst/serial_g/oserdes_m/CLKDIV
Min Period        n/a     OSERDESE2/CLKDIV    n/a            1.667         40.000      38.333     OLOGIC_X0Y21     hdmi_tx/inst/serial_g/oserdes_s/CLKDIV
Min Period        n/a     OSERDESE2/CLKDIV    n/a            1.667         40.000      38.333     OLOGIC_X0Y24     hdmi_tx/inst/serial_r/oserdes_m/CLKDIV
Max Period        n/a     MMCME2_ADV/CLKOUT0  n/a            213.360       40.000      173.360    MMCME2_ADV_X1Y0  clk_gen/inst/mmcm_adv_inst/CLKOUT0
Low Pulse Width   Slow    SRL16E/CLK          n/a            0.980         20.000      19.020     SLICE_X2Y2       graph_mapper/drawY_q2_reg[0]_srl2/CLK
Low Pulse Width   Fast    SRL16E/CLK          n/a            0.980         20.000      19.020     SLICE_X2Y2       graph_mapper/drawY_q2_reg[0]_srl2/CLK
Low Pulse Width   Slow    SRL16E/CLK          n/a            0.980         20.000      19.020     SLICE_X2Y2       graph_mapper/drawY_q2_reg[1]_srl2/CLK
Low Pulse Width   Fast    SRL16E/CLK          n/a            0.980         20.000      19.020     SLICE_X2Y2       graph_mapper/drawY_q2_reg[1]_srl2/CLK
Low Pulse Width   Slow    SRL16E/CLK          n/a            0.980         20.000      19.020     SLICE_X2Y2       graph_mapper/drawY_q2_reg[2]_srl2/CLK
Low Pulse Width   Fast    SRL16E/CLK          n/a            0.980         20.000      19.020     SLICE_X2Y2       graph_mapper/drawY_q2_reg[2]_srl2/CLK
Low Pulse Width   Slow    SRL16E/CLK          n/a            0.980         20.000      19.020     SLICE_X2Y2       graph_mapper/drawY_q2_reg[3]_srl2/CLK
Low Pulse Width   Fast    SRL16E/CLK          n/a            0.980         20.000      19.020     SLICE_X2Y2       graph_mapper/drawY_q2_reg[3]_srl2/CLK
Low Pulse Width   Slow    SRL16E/CLK          n/a            0.980         20.000      19.020     SLICE_X2Y2       graph_mapper/drawY_q2_reg[4]_srl2/CLK
Low Pulse Width   Fast    SRL16E/CLK          n/a            0.980         20.000      19.020     SLICE_X2Y2       graph_mapper/drawY_q2_reg[4]_srl2/CLK
High Pulse Width  Slow    SRL16E/CLK          n/a            0.980         20.000      19.020     SLICE_X2Y2       graph_mapper/drawY_q2_reg[0]_srl2/CLK
High Pulse Width  Fast    SRL16E/CLK          n/a            0.980         20.000      19.020     SLICE_X2Y2       graph_mapper/drawY_q2_reg[0]_srl2/CLK
High Pulse Width  Slow    SRL16E/CLK          n/a            0.980         20.000      19.020     SLICE_X2Y2       graph_mapper/drawY_q2_reg[1]_srl2/CLK
High Pulse Width  Fast    SRL16E/CLK          n/a            0.980         20.000      19.020     SLICE_X2Y2       graph_mapper/drawY_q2_reg[1]_srl2/CLK
High Pulse Width  Slow    SRL16E/CLK          n/a            0.980         20.000      19.020     SLICE_X2Y2       graph_mapper/drawY_q2_reg[2]_srl2/CLK
High Pulse Width  Fast    SRL16E/CLK          n/a            0.980         20.000      19.020     SLICE_X2Y2       graph_mapper/drawY_q2_reg[2]_srl2/CLK
High Pulse Width  Slow    SRL16E/CLK          n/a            0.980         20.000      19.020     SLICE_X2Y2       graph_mapper/drawY_q2_reg[3]_srl2/CLK
High Pulse Width  Fast    SRL16E/CLK          n/a            0.980         20.000      19.020     SLICE_X2Y2       graph_mapper/drawY_q2_reg[3]_srl2/CLK
High Pulse Width  Slow    SRL16E/CLK          n/a            0.980         20.000      19.020     SLICE_X2Y2       graph_mapper/drawY_q2_reg[4]_srl2/CLK
High Pulse Width  Fast    SRL16E/CLK          n/a            0.980         20.000      19.020     SLICE_X2Y2       graph_mapper/drawY_q2_reg[4]_srl2/CLK



---------------------------------------------------------------------------------------------------
From Clock:  clkfbout_clk_wiz_0
  To Clock:  clkfbout_clk_wiz_0

Setup :           NA  Failing Endpoints,  Worst Slack           NA  ,  Total Violation           NA
Hold  :           NA  Failing Endpoints,  Worst Slack           NA  ,  Total Violation           NA
PW    :            0  Failing Endpoints,  Worst Slack        7.845ns,  Total Violation        0.000ns
---------------------------------------------------------------------------------------------------


Pulse Width Checks
--------------------------------------------------------------------------------------
Clock Name:         clkfbout_clk_wiz_0
Waveform(ns):       { 0.000 5.000 }
Period(ns):         10.000
Sources:            { clk_gen/inst/mmcm_adv_inst/CLKFBOUT }

Check Type  Corner  Lib Pin              Reference Pin  Required(ns)  Actual(ns)  Slack(ns)  Location         Pin
Min Period  n/a     BUFG/I               n/a            2.155         10.000      7.845      BUFGCTRL_X0Y3    clk_gen/inst/clkf_buf/I
Min Period  n/a     MMCME2_ADV/CLKFBOUT  n/a            1.249         10.000      8.751      MMCME2_ADV_X1Y0  clk_gen/inst/mmcm_adv_inst/CLKFBOUT
Min Period  n/a     MMCME2_ADV/CLKFBIN   n/a            1.249         10.000      8.751      MMCME2_ADV_X1Y0  clk_gen/inst/mmcm_adv_inst/CLKFBIN
Max Period  n/a     MMCME2_ADV/CLKFBIN   n/a            100.000       10.000      90.000     MMCME2_ADV_X1Y0  clk_gen/inst/mmcm_adv_inst/CLKFBIN
Max Period  n/a     MMCME2_ADV/CLKFBOUT  n/a            213.360       10.000      203.360    MMCME2_ADV_X1Y0  clk_gen/inst/mmcm_adv_inst/CLKFBOUT



--------------------------------------------------------------------------------------
Path Group:  (none)
From Clock:  
  To Clock:  

Max Delay          1200 Endpoints
Min Delay          1200 Endpoints
--------------------------------------------------------------------------------------


Max Delay Paths
--------------------------------------------------------------------------------------
Slack:                    inf
  Source:                 fft_core/data_mem/mem_im_reg/CLKBWRCLK
                            (rising edge-triggered cell RAMB18E1)
  Destination:            fft_ctrl/display_write_data_reg[13]/D
  Path Group:             (none)
  Path Type:              Max at Slow Process Corner
  Data Path Delay:        14.126ns  (logic 5.994ns (42.432%)  route 8.132ns (57.568%))
  Logic Levels:           14  (CARRY4=8 LUT1=1 LUT3=1 LUT5=2 LUT6=1 RAMB18E1=1)

    Location             Delay type                Incr(ns)  Path(ns)    Netlist Resource(s)
  -------------------------------------------------------------------    -------------------
    RAMB18_X0Y4          RAMB18E1                     0.000     0.000 r  fft_core/data_mem/mem_im_reg/CLKBWRCLK
    RAMB18_X0Y4          RAMB18E1 (Prop_ramb18e1_CLKBWRCLK_DOBDO[0])
                                                      2.454     2.454 f  fft_core/data_mem/mem_im_reg/DOBDO[0]
                         net (fo=5, routed)           1.446     3.900    fft_core/data_mem/mem_im_reg_0[0]
    SLICE_X0Y8           LUT1 (Prop_lut1_I0_O)        0.124     4.024 r  fft_core/data_mem/max_val1_carry_i_33/O
                         net (fo=1, routed)           0.537     4.561    fft_core/data_mem/max_val1_carry_i_33_n_0
    SLICE_X2Y8           CARRY4 (Prop_carry4_CYINIT_CO[3])
                                                      0.595     5.156 r  fft_core/data_mem/max_val1_carry_i_21/CO[3]
                         net (fo=1, routed)           0.000     5.156    fft_core/data_mem/max_val1_carry_i_21_n_0
    SLICE_X2Y9           CARRY4 (Prop_carry4_CI_CO[3])
                                                      0.117     5.273 r  fft_core/data_mem/max_val1_carry_i_27/CO[3]
                         net (fo=1, routed)           0.000     5.273    fft_core/data_mem/max_val1_carry_i_27_n_0
    SLICE_X2Y10          CARRY4 (Prop_carry4_CI_O[1])
                                                      0.323     5.596 f  fft_core/data_mem/max_val1_carry__0_i_23/O[1]
                         net (fo=2, routed)           1.103     6.699    fft_core/data_mem/max_val1_carry__0_i_23_n_6
    SLICE_X3Y10          LUT3 (Prop_lut3_I0_O)        0.306     7.005 f  fft_core/data_mem/max_val1_carry__0_i_17/O
                         net (fo=4, routed)           0.970     7.975    fft_core/data_mem/abs_im[10]
    SLICE_X5Y10          LUT6 (Prop_lut6_I3_O)        0.124     8.099 r  fft_core/data_mem/max_val1_carry__0_i_3/O
                         net (fo=1, routed)           0.331     8.430    fft_ctrl/display_write_data0__0_carry_i_8[1]
    SLICE_X4Y9           CARRY4 (Prop_carry4_DI[1]_CO[3])
                                                      0.507     8.937 r  fft_ctrl/max_val1_carry__0/CO[3]
                         net (fo=46, routed)          1.912    10.849    fft_core/data_mem/CO[0]
    SLICE_X4Y6           LUT5 (Prop_lut5_I3_O)        0.152    11.001 r  fft_core/data_mem/display_write_data0__0_carry_i_10/O
                         net (fo=8, routed)           1.228    12.229    fft_core/data_mem/display_write_data0__0_carry_i_10_n_0
    SLICE_X2Y6           LUT5 (Prop_lut5_I4_O)        0.332    12.561 r  fft_core/data_mem/display_write_data0__0_carry_i_2/O
                         net (fo=1, routed)           0.605    13.166    fft_ctrl/display_write_data_reg[3]_0[2]
    SLICE_X3Y6           CARRY4 (Prop_carry4_DI[2]_CO[3])
                                                      0.398    13.564 r  fft_ctrl/display_write_data0__0_carry/CO[3]
                         net (fo=1, routed)           0.000    13.564    fft_ctrl/display_write_data0__0_carry_n_0
    SLICE_X3Y7           CARRY4 (Prop_carry4_CI_CO[3])
                                                      0.114    13.678 r  fft_ctrl/display_write_data0__0_carry__0/CO[3]
                         net (fo=1, routed)           0.000    13.678    fft_ctrl/display_write_data0__0_carry__0_n_0
    SLICE_X3Y8           CARRY4 (Prop_carry4_CI_CO[3])
                                                      0.114    13.792 r  fft_ctrl/display_write_data0__0_carry__1/CO[3]
                         net (fo=1, routed)           0.000    13.792    fft_ctrl/display_write_data0__0_carry__1_n_0
    SLICE_X3Y9           CARRY4 (Prop_carry4_CI_O[1])
                                                      0.334    14.126 r  fft_ctrl/display_write_data0__0_carry__2/O[1]
                         net (fo=1, routed)           0.000    14.126    fft_ctrl/magnitude[13]
    SLICE_X3Y9           FDRE                                         r  fft_ctrl/display_write_data_reg[13]/D
  -------------------------------------------------------------------    -------------------

Slack:                    inf
  Source:                 fft_core/data_mem/mem_im_reg/CLKBWRCLK
                            (rising edge-triggered cell RAMB18E1)
  Destination:            fft_ctrl/display_write_data_reg[15]/D
  Path Group:             (none)
  Path Type:              Max at Slow Process Corner
  Data Path Delay:        14.105ns  (logic 5.973ns (42.346%)  route 8.132ns (57.654%))
  Logic Levels:           14  (CARRY4=8 LUT1=1 LUT3=1 LUT5=2 LUT6=1 RAMB18E1=1)

    Location             Delay type                Incr(ns)  Path(ns)    Netlist Resource(s)
  -------------------------------------------------------------------    -------------------
    RAMB18_X0Y4          RAMB18E1                     0.000     0.000 r  fft_core/data_mem/mem_im_reg/CLKBWRCLK
    RAMB18_X0Y4          RAMB18E1 (Prop_ramb18e1_CLKBWRCLK_DOBDO[0])
                                                      2.454     2.454 f  fft_core/data_mem/mem_im_reg/DOBDO[0]
                         net (fo=5, routed)           1.446     3.900    fft_core/data_mem/mem_im_reg_0[0]
    SLICE_X0Y8           LUT1 (Prop_lut1_I0_O)        0.124     4.024 r  fft_core/data_mem/max_val1_carry_i_33/O
                         net (fo=1, routed)           0.537     4.561    fft_core/data_mem/max_val1_carry_i_33_n_0
    SLICE_X2Y8           CARRY4 (Prop_carry4_CYINIT_CO[3])
                                                      0.595     5.156 r  fft_core/data_mem/max_val1_carry_i_21/CO[3]
                         net (fo=1, routed)           0.000     5.156    fft_core/data_mem/max_val1_carry_i_21_n_0
    SLICE_X2Y9           CARRY4 (Prop_carry4_CI_CO[3])
                                                      0.117     5.273 r  fft_core/data_mem/max_val1_carry_i_27/CO[3]
                         net (fo=1, routed)           0.000     5.273    fft_core/data_mem/max_val1_carry_i_27_n_0
    SLICE_X2Y10          CARRY4 (Prop_carry4_CI_O[1])
                                                      0.323     5.596 f  fft_core/data_mem/max_val1_carry__0_i_23/O[1]
                         net (fo=2, routed)           1.103     6.699    fft_core/data_mem/max_val1_carry__0_i_23_n_6
    SLICE_X3Y10          LUT3 (Prop_lut3_I0_O)        0.306     7.005 f  fft_core/data_mem/max_val1_carry__0_i_17/O
                         net (fo=4, routed)           0.970     7.975    fft_core/data_mem/abs_im[10]
    SLICE_X5Y10          LUT6 (Prop_lut6_I3_O)        0.124     8.099 r  fft_core/data_mem/max_val1_carry__0_i_3/O
                         net (fo=1, routed)           0.331     8.430    fft_ctrl/display_write_data0__0_carry_i_8[1]
    SLICE_X4Y9           CARRY4 (Prop_carry4_DI[1]_CO[3])
                                                      0.507     8.937 r  fft_ctrl/max_val1_carry__0/CO[3]
                         net (fo=46, routed)          1.912    10.849    fft_core/data_mem/CO[0]
    SLICE_X4Y6           LUT5 (Prop_lut5_I3_O)        0.152    11.001 r  fft_core/data_mem/display_write_data0__0_carry_i_10/O
                         net (fo=8, routed)           1.228    12.229    fft_core/data_mem/display_write_data0__0_carry_i_10_n_0
    SLICE_X2Y6           LUT5 (Prop_lut5_I4_O)        0.332    12.561 r  fft_core/data_mem/display_write_data0__0_carry_i_2/O
                         net (fo=1, routed)           0.605    13.166    fft_ctrl/display_write_data_reg[3]_0[2]
    SLICE_X3Y6           CARRY4 (Prop_carry4_DI[2]_CO[3])
                                                      0.398    13.564 r  fft_ctrl/display_write_data0__0_carry/CO[3]
                         net (fo=1, routed)           0.000    13.564    fft_ctrl/display_write_data0__0_carry_n_0
    SLICE_X3Y7           CARRY4 (Prop_carry4_CI_CO[3])
                                                      0.114    13.678 r  fft_ctrl/display_write_data0__0_carry__0/CO[3]
                         net (fo=1, routed)           0.000    13.678    fft_ctrl/display_write_data0__0_carry__0_n_0
    SLICE_X3Y8           CARRY4 (Prop_carry4_CI_CO[3])
                                                      0.114    13.792 r  fft_ctrl/display_write_data0__0_carry__1/CO[3]
                         net (fo=1, routed)           0.000    13.792    fft_ctrl/display_write_data0__0_carry__1_n_0
    SLICE_X3Y9           CARRY4 (Prop_carry4_CI_O[3])
                                                      0.313    14.105 r  fft_ctrl/display_write_data0__0_carry__2/O[3]
                         net (fo=1, routed)           0.000    14.105    fft_ctrl/magnitude[15]
    SLICE_X3Y9           FDRE                                         r  fft_ctrl/display_write_data_reg[15]/D
  -------------------------------------------------------------------    -------------------

Slack:                    inf
  Source:                 fft_core/data_mem/mem_im_reg/CLKBWRCLK
                            (rising edge-triggered cell RAMB18E1)
  Destination:            fft_ctrl/display_write_data_reg[14]/D
  Path Group:             (none)
  Path Type:              Max at Slow Process Corner
  Data Path Delay:        14.031ns  (logic 5.899ns (42.042%)  route 8.132ns (57.958%))
  Logic Levels:           14  (CARRY4=8 LUT1=1 LUT3=1 LUT5=2 LUT6=1 RAMB18E1=1)

    Location             Delay type                Incr(ns)  Path(ns)    Netlist Resource(s)
  -------------------------------------------------------------------    -------------------
    RAMB18_X0Y4          RAMB18E1                     0.000     0.000 r  fft_core/data_mem/mem_im_reg/CLKBWRCLK
    RAMB18_X0Y4          RAMB18E1 (Prop_ramb18e1_CLKBWRCLK_DOBDO[0])
                                                      2.454     2.454 f  fft_core/data_mem/mem_im_reg/DOBDO[0]
                         net (fo=5, routed)           1.446     3.900    fft_core/data_mem/mem_im_reg_0[0]
    SLICE_X0Y8           LUT1 (Prop_lut1_I0_O)        0.124     4.024 r  fft_core/data_mem/max_val1_carry_i_33/O
                         net (fo=1, routed)           0.537     4.561    fft_core/data_mem/max_val1_carry_i_33_n_0
    SLICE_X2Y8           CARRY4 (Prop_carry4_CYINIT_CO[3])
                                                      0.595     5.156 r  fft_core/data_mem/max_val1_carry_i_21/CO[3]
                         net (fo=1, routed)           0.000     5.156    fft_core/data_mem/max_val1_carry_i_21_n_0
    SLICE_X2Y9           CARRY4 (Prop_carry4_CI_CO[3])
                                                      0.117     5.273 r  fft_core/data_mem/max_val1_carry_i_27/CO[3]
                         net (fo=1, routed)           0.000     5.273    fft_core/data_mem/max_val1_carry_i_27_n_0
    SLICE_X2Y10          CARRY4 (Prop_carry4_CI_O[1])
                                                      0.323     5.596 f  fft_core/data_mem/max_val1_carry__0_i_23/O[1]
                         net (fo=2, routed)           1.103     6.699    fft_core/data_mem/max_val1_carry__0_i_23_n_6
    SLICE_X3Y10          LUT3 (Prop_lut3_I0_O)        0.306     7.005 f  fft_core/data_mem/max_val1_carry__0_i_17/O
                         net (fo=4, routed)           0.970     7.975    fft_core/data_mem/abs_im[10]
    SLICE_X5Y10          LUT6 (Prop_lut6_I3_O)        0.124     8.099 r  fft_core/data_mem/max_val1_carry__0_i_3/O
                         net (fo=1, routed)           0.331     8.430    fft_ctrl/display_write_data0__0_carry_i_8[1]
    SLICE_X4Y9           CARRY4 (Prop_carry4_DI[1]_CO[3])
                                                      0.507     8.937 r  fft_ctrl/max_val1_carry__0/CO[3]
                         net (fo=46, routed)          1.912    10.849    fft_core/data_mem/CO[0]
    SLICE_X4Y6           LUT5 (Prop_lut5_I3_O)        0.152    11.001 r  fft_core/data_mem/display_write_data0__0_carry_i_10/O
                         net (fo=8, routed)           1.228    12.229    fft_core/data_mem/display_write_data0__0_carry_i_10_n_0
    SLICE_X2Y6           LUT5 (Prop_lut5_I4_O)        0.332    12.561 r  fft_core/data_mem/display_write_data0__0_carry_i_2/O
                         net (fo=1, routed)           0.605    13.166    fft_ctrl/display_write_data_reg[3]_0[2]
    SLICE_X3Y6           CARRY4 (Prop_carry4_DI[2]_CO[3])
                                                      0.398    13.564 r  fft_ctrl/display_write_data0__0_carry/CO[3]
                         net (fo=1, routed)           0.000    13.564    fft_ctrl/display_write_data0__0_carry_n_0
    SLICE_X3Y7           CARRY4 (Prop_carry4_CI_CO[3])
                                                      0.114    13.678 r  fft_ctrl/display_write_data0__0_carry__0/CO[3]
                         net (fo=1, routed)           0.000    13.678    fft_ctrl/display_write_data0__0_carry__0_n_0
    SLICE_X3Y8           CARRY4 (Prop_carry4_CI_CO[3])
                                                      0.114    13.792 r  fft_ctrl/display_write_data0__0_carry__1/CO[3]
                         net (fo=1, routed)           0.000    13.792    fft_ctrl/display_write_data0__0_carry__1_n_0
    SLICE_X3Y9           CARRY4 (Prop_carry4_CI_O[2])
                                                      0.239    14.031 r  fft_ctrl/display_write_data0__0_carry__2/O[2]
                         net (fo=1, routed)           0.000    14.031    fft_ctrl/magnitude[14]
    SLICE_X3Y9           FDRE                                         r  fft_ctrl/display_write_data_reg[14]/D
  -------------------------------------------------------------------    -------------------

Slack:                    inf
  Source:                 fft_core/data_mem/mem_im_reg/CLKBWRCLK
                            (rising edge-triggered cell RAMB18E1)
  Destination:            fft_ctrl/display_write_data_reg[12]/D
  Path Group:             (none)
  Path Type:              Max at Slow Process Corner
  Data Path Delay:        14.015ns  (logic 5.883ns (41.976%)  route 8.132ns (58.024%))
  Logic Levels:           14  (CARRY4=8 LUT1=1 LUT3=1 LUT5=2 LUT6=1 RAMB18E1=1)

    Location             Delay type                Incr(ns)  Path(ns)    Netlist Resource(s)
  -------------------------------------------------------------------    -------------------
    RAMB18_X0Y4          RAMB18E1                     0.000     0.000 r  fft_core/data_mem/mem_im_reg/CLKBWRCLK
    RAMB18_X0Y4          RAMB18E1 (Prop_ramb18e1_CLKBWRCLK_DOBDO[0])
                                                      2.454     2.454 f  fft_core/data_mem/mem_im_reg/DOBDO[0]
                         net (fo=5, routed)           1.446     3.900    fft_core/data_mem/mem_im_reg_0[0]
    SLICE_X0Y8           LUT1 (Prop_lut1_I0_O)        0.124     4.024 r  fft_core/data_mem/max_val1_carry_i_33/O
                         net (fo=1, routed)           0.537     4.561    fft_core/data_mem/max_val1_carry_i_33_n_0
    SLICE_X2Y8           CARRY4 (Prop_carry4_CYINIT_CO[3])
                                                      0.595     5.156 r  fft_core/data_mem/max_val1_carry_i_21/CO[3]
                         net (fo=1, routed)           0.000     5.156    fft_core/data_mem/max_val1_carry_i_21_n_0
    SLICE_X2Y9           CARRY4 (Prop_carry4_CI_CO[3])
                                                      0.117     5.273 r  fft_core/data_mem/max_val1_carry_i_27/CO[3]
                         net (fo=1, routed)           0.000     5.273    fft_core/data_mem/max_val1_carry_i_27_n_0
    SLICE_X2Y10          CARRY4 (Prop_carry4_CI_O[1])
                                                      0.323     5.596 f  fft_core/data_mem/max_val1_carry__0_i_23/O[1]
                         net (fo=2, routed)           1.103     6.699    fft_core/data_mem/max_val1_carry__0_i_23_n_6
    SLICE_X3Y10          LUT3 (Prop_lut3_I0_O)        0.306     7.005 f  fft_core/data_mem/max_val1_carry__0_i_17/O
                         net (fo=4, routed)           0.970     7.975    fft_core/data_mem/abs_im[10]
    SLICE_X5Y10          LUT6 (Prop_lut6_I3_O)        0.124     8.099 r  fft_core/data_mem/max_val1_carry__0_i_3/O
                         net (fo=1, routed)           0.331     8.430    fft_ctrl/display_write_data0__0_carry_i_8[1]
    SLICE_X4Y9           CARRY4 (Prop_carry4_DI[1]_CO[3])
                                                      0.507     8.937 r  fft_ctrl/max_val1_carry__0/CO[3]
                         net (fo=46, routed)          1.912    10.849    fft_core/data_mem/CO[0]
    SLICE_X4Y6           LUT5 (Prop_lut5_I3_O)        0.152    11.001 r  fft_core/data_mem/display_write_data0__0_carry_i_10/O
                         net (fo=8, routed)           1.228    12.229    fft_core/data_mem/display_write_data0__0_carry_i_10_n_0
    SLICE_X2Y6           LUT5 (Prop_lut5_I4_O)        0.332    12.561 r  fft_core/data_mem/display_write_data0__0_carry_i_2/O
                         net (fo=1, routed)           0.605    13.166    fft_ctrl/display_write_data_reg[3]_0[2]
    SLICE_X3Y6           CARRY4 (Prop_carry4_DI[2]_CO[3])
                                                      0.398    13.564 r  fft_ctrl/display_write_data0__0_carry/CO[3]
                         net (fo=1, routed)           0.000    13.564    fft_ctrl/display_write_data0__0_carry_n_0
    SLICE_X3Y7           CARRY4 (Prop_carry4_CI_CO[3])
                                                      0.114    13.678 r  fft_ctrl/display_write_data0__0_carry__0/CO[3]
                         net (fo=1, routed)           0.000    13.678    fft_ctrl/display_write_data0__0_carry__0_n_0
    SLICE_X3Y8           CARRY4 (Prop_carry4_CI_CO[3])
                                                      0.114    13.792 r  fft_ctrl/display_write_data0__0_carry__1/CO[3]
                         net (fo=1, routed)           0.000    13.792    fft_ctrl/display_write_data0__0_carry__1_n_0
    SLICE_X3Y9           CARRY4 (Prop_carry4_CI_O[0])
                                                      0.223    14.015 r  fft_ctrl/display_write_data0__0_carry__2/O[0]
                         net (fo=1, routed)           0.000    14.015    fft_ctrl/magnitude[12]
    SLICE_X3Y9           FDRE                                         r  fft_ctrl/display_write_data_reg[12]/D
  -------------------------------------------------------------------    -------------------

Slack:                    inf
  Source:                 fft_core/data_mem/mem_im_reg/CLKBWRCLK
                            (rising edge-triggered cell RAMB18E1)
  Destination:            fft_ctrl/display_write_data_reg[9]/D
  Path Group:             (none)
  Path Type:              Max at Slow Process Corner
  Data Path Delay:        14.012ns  (logic 5.880ns (41.963%)  route 8.132ns (58.037%))
  Logic Levels:           13  (CARRY4=7 LUT1=1 LUT3=1 LUT5=2 LUT6=1 RAMB18E1=1)

    Location             Delay type                Incr(ns)  Path(ns)    Netlist Resource(s)
  -------------------------------------------------------------------    -------------------
    RAMB18_X0Y4          RAMB18E1                     0.000     0.000 r  fft_core/data_mem/mem_im_reg/CLKBWRCLK
    RAMB18_X0Y4          RAMB18E1 (Prop_ramb18e1_CLKBWRCLK_DOBDO[0])
                                                      2.454     2.454 f  fft_core/data_mem/mem_im_reg/DOBDO[0]
                         net (fo=5, routed)           1.446     3.900    fft_core/data_mem/mem_im_reg_0[0]
    SLICE_X0Y8           LUT1 (Prop_lut1_I0_O)        0.124     4.024 r  fft_core/data_mem/max_val1_carry_i_33/O
                         net (fo=1, routed)           0.537     4.561    fft_core/data_mem/max_val1_carry_i_33_n_0
    SLICE_X2Y8           CARRY4 (Prop_carry4_CYINIT_CO[3])
                                                      0.595     5.156 r  fft_core/data_mem/max_val1_carry_i_21/CO[3]
                         net (fo=1, routed)           0.000     5.156    fft_core/data_mem/max_val1_carry_i_21_n_0
    SLICE_X2Y9           CARRY4 (Prop_carry4_CI_CO[3])
                                                      0.117     5.273 r  fft_core/data_mem/max_val1_carry_i_27/CO[3]
                         net (fo=1, routed)           0.000     5.273    fft_core/data_mem/max_val1_carry_i_27_n_0
    SLICE_X2Y10          CARRY4 (Prop_carry4_CI_O[1])
                                                      0.323     5.596 f  fft_core/data_mem/max_val1_carry__0_i_23/O[1]
                         net (fo=2, routed)           1.103     6.699    fft_core/data_mem/max_val1_carry__0_i_23_n_6
    SLICE_X3Y10          LUT3 (Prop_lut3_I0_O)        0.306     7.005 f  fft_core/data_mem/max_val1_carry__0_i_17/O
                         net (fo=4, routed)           0.970     7.975    fft_core/data_mem/abs_im[10]
    SLICE_X5Y10          LUT6 (Prop_lut6_I3_O)        0.124     8.099 r  fft_core/data_mem/max_val1_carry__0_i_3/O
                         net (fo=1, routed)           0.331     8.430    fft_ctrl/display_write_data0__0_carry_i_8[1]
    SLICE_X4Y9           CARRY4 (Prop_carry4_DI[1]_CO[3])
                                                      0.507     8.937 r  fft_ctrl/max_val1_carry__0/CO[3]
                         net (fo=46, routed)          1.912    10.849    fft_core/data_mem/CO[0]
    SLICE_X4Y6           LUT5 (Prop_lut5_I3_O)        0.152    11.001 r  fft_core/data_mem/display_write_data0__0_carry_i_10/O
                         net (fo=8, routed)           1.228    12.229    fft_core/data_mem/display_write_data0__0_carry_i_10_n_0
    SLICE_X2Y6           LUT5 (Prop_lut5_I4_O)        0.332    12.561 r  fft_core/data_mem/display_write_data0__0_carry_i_2/O
                         net (fo=1, routed)           0.605    13.166    fft_ctrl/display_write_data_reg[3]_0[2]
    SLICE_X3Y6           CARRY4 (Prop_carry4_DI[2]_CO[3])
                                                      0.398    13.564 r  fft_ctrl/display_write_data0__0_carry/CO[3]
                         net (fo=1, routed)           0.000    13.564    fft_ctrl/display_write_data0__0_carry_n_0
    SLICE_X3Y7           CARRY4 (Prop_carry4_CI_CO[3])
                                                      0.114    13.678 r  fft_ctrl/display_write_data0__0_carry__0/CO[3]
                         net (fo=1, routed)           0.000    13.678    fft_ctrl/display_write_data0__0_carry__0_n_0
    SLICE_X3Y8           CARRY4 (Prop_carry4_CI_O[1])
                                                      0.334    14.012 r  fft_ctrl/display_write_data0__0_carry__1/O[1]
                         net (fo=1, routed)           0.000    14.012    fft_ctrl/magnitude[9]
    SLICE_X3Y8           FDRE                                         r  fft_ctrl/display_write_data_reg[9]/D
  -------------------------------------------------------------------    -------------------

Slack:                    inf
  Source:                 fft_core/data_mem/mem_im_reg/CLKBWRCLK
                            (rising edge-triggered cell RAMB18E1)
  Destination:            fft_ctrl/display_write_data_reg[11]/D
  Path Group:             (none)
  Path Type:              Max at Slow Process Corner
  Data Path Delay:        13.991ns  (logic 5.859ns (41.876%)  route 8.132ns (58.124%))
  Logic Levels:           13  (CARRY4=7 LUT1=1 LUT3=1 LUT5=2 LUT6=1 RAMB18E1=1)

    Location             Delay type                Incr(ns)  Path(ns)    Netlist Resource(s)
  -------------------------------------------------------------------    -------------------
    RAMB18_X0Y4          RAMB18E1                     0.000     0.000 r  fft_core/data_mem/mem_im_reg/CLKBWRCLK
    RAMB18_X0Y4          RAMB18E1 (Prop_ramb18e1_CLKBWRCLK_DOBDO[0])
                                                      2.454     2.454 f  fft_core/data_mem/mem_im_reg/DOBDO[0]
                         net (fo=5, routed)           1.446     3.900    fft_core/data_mem/mem_im_reg_0[0]
    SLICE_X0Y8           LUT1 (Prop_lut1_I0_O)        0.124     4.024 r  fft_core/data_mem/max_val1_carry_i_33/O
                         net (fo=1, routed)           0.537     4.561    fft_core/data_mem/max_val1_carry_i_33_n_0
    SLICE_X2Y8           CARRY4 (Prop_carry4_CYINIT_CO[3])
                                                      0.595     5.156 r  fft_core/data_mem/max_val1_carry_i_21/CO[3]
                         net (fo=1, routed)           0.000     5.156    fft_core/data_mem/max_val1_carry_i_21_n_0
    SLICE_X2Y9           CARRY4 (Prop_carry4_CI_CO[3])
                                                      0.117     5.273 r  fft_core/data_mem/max_val1_carry_i_27/CO[3]
                         net (fo=1, routed)           0.000     5.273    fft_core/data_mem/max_val1_carry_i_27_n_0
    SLICE_X2Y10          CARRY4 (Prop_carry4_CI_O[1])
                                                      0.323     5.596 f  fft_core/data_mem/max_val1_carry__0_i_23/O[1]
                         net (fo=2, routed)           1.103     6.699    fft_core/data_mem/max_val1_carry__0_i_23_n_6
    SLICE_X3Y10          LUT3 (Prop_lut3_I0_O)        0.306     7.005 f  fft_core/data_mem/max_val1_carry__0_i_17/O
                         net (fo=4, routed)           0.970     7.975    fft_core/data_mem/abs_im[10]
    SLICE_X5Y10          LUT6 (Prop_lut6_I3_O)        0.124     8.099 r  fft_core/data_mem/max_val1_carry__0_i_3/O
                         net (fo=1, routed)           0.331     8.430    fft_ctrl/display_write_data0__0_carry_i_8[1]
    SLICE_X4Y9           CARRY4 (Prop_carry4_DI[1]_CO[3])
                                                      0.507     8.937 r  fft_ctrl/max_val1_carry__0/CO[3]
                         net (fo=46, routed)          1.912    10.849    fft_core/data_mem/CO[0]
    SLICE_X4Y6           LUT5 (Prop_lut5_I3_O)        0.152    11.001 r  fft_core/data_mem/display_write_data0__0_carry_i_10/O
                         net (fo=8, routed)           1.228    12.229    fft_core/data_mem/display_write_data0__0_carry_i_10_n_0
    SLICE_X2Y6           LUT5 (Prop_lut5_I4_O)        0.332    12.561 r  fft_core/data_mem/display_write_data0__0_carry_i_2/O
                         net (fo=1, routed)           0.605    13.166    fft_ctrl/display_write_data_reg[3]_0[2]
    SLICE_X3Y6           CARRY4 (Prop_carry4_DI[2]_CO[3])
                                                      0.398    13.564 r  fft_ctrl/display_write_data0__0_carry/CO[3]
                         net (fo=1, routed)           0.000    13.564    fft_ctrl/display_write_data0__0_carry_n_0
    SLICE_X3Y7           CARRY4 (Prop_carry4_CI_CO[3])
                                                      0.114    13.678 r  fft_ctrl/display_write_data0__0_carry__0/CO[3]
                         net (fo=1, routed)           0.000    13.678    fft_ctrl/display_write_data0__0_carry__0_n_0
    SLICE_X3Y8           CARRY4 (Prop_carry4_CI_O[3])
                                                      0.313    13.991 r  fft_ctrl/display_write_data0__0_carry__1/O[3]
                         net (fo=1, routed)           0.000    13.991    fft_ctrl/magnitude[11]
    SLICE_X3Y8           FDRE                                         r  fft_ctrl/display_write_data_reg[11]/D
  -------------------------------------------------------------------    -------------------

Slack:                    inf
  Source:                 fft_core/data_mem/mem_im_reg/CLKBWRCLK
                            (rising edge-triggered cell RAMB18E1)
  Destination:            fft_ctrl/display_write_data_reg[10]/D
  Path Group:             (none)
  Path Type:              Max at Slow Process Corner
  Data Path Delay:        13.917ns  (logic 5.785ns (41.567%)  route 8.132ns (58.433%))
  Logic Levels:           13  (CARRY4=7 LUT1=1 LUT3=1 LUT5=2 LUT6=1 RAMB18E1=1)

    Location             Delay type                Incr(ns)  Path(ns)    Netlist Resource(s)
  -------------------------------------------------------------------    -------------------
    RAMB18_X0Y4          RAMB18E1                     0.000     0.000 r  fft_core/data_mem/mem_im_reg/CLKBWRCLK
    RAMB18_X0Y4          RAMB18E1 (Prop_ramb18e1_CLKBWRCLK_DOBDO[0])
                                                      2.454     2.454 f  fft_core/data_mem/mem_im_reg/DOBDO[0]
                         net (fo=5, routed)           1.446     3.900    fft_core/data_mem/mem_im_reg_0[0]
    SLICE_X0Y8           LUT1 (Prop_lut1_I0_O)        0.124     4.024 r  fft_core/data_mem/max_val1_carry_i_33/O
                         net (fo=1, routed)           0.537     4.561    fft_core/data_mem/max_val1_carry_i_33_n_0
    SLICE_X2Y8           CARRY4 (Prop_carry4_CYINIT_CO[3])
                                                      0.595     5.156 r  fft_core/data_mem/max_val1_carry_i_21/CO[3]
                         net (fo=1, routed)           0.000     5.156    fft_core/data_mem/max_val1_carry_i_21_n_0
    SLICE_X2Y9           CARRY4 (Prop_carry4_CI_CO[3])
                                                      0.117     5.273 r  fft_core/data_mem/max_val1_carry_i_27/CO[3]
                         net (fo=1, routed)           0.000     5.273    fft_core/data_mem/max_val1_carry_i_27_n_0
    SLICE_X2Y10          CARRY4 (Prop_carry4_CI_O[1])
                                                      0.323     5.596 f  fft_core/data_mem/max_val1_carry__0_i_23/O[1]
                         net (fo=2, routed)           1.103     6.699    fft_core/data_mem/max_val1_carry__0_i_23_n_6
    SLICE_X3Y10          LUT3 (Prop_lut3_I0_O)        0.306     7.005 f  fft_core/data_mem/max_val1_carry__0_i_17/O
                         net (fo=4, routed)           0.970     7.975    fft_core/data_mem/abs_im[10]
    SLICE_X5Y10          LUT6 (Prop_lut6_I3_O)        0.124     8.099 r  fft_core/data_mem/max_val1_carry__0_i_3/O
                         net (fo=1, routed)           0.331     8.430    fft_ctrl/display_write_data0__0_carry_i_8[1]
    SLICE_X4Y9           CARRY4 (Prop_carry4_DI[1]_CO[3])
                                                      0.507     8.937 r  fft_ctrl/max_val1_carry__0/CO[3]
                         net (fo=46, routed)          1.912    10.849    fft_core/data_mem/CO[0]
    SLICE_X4Y6           LUT5 (Prop_lut5_I3_O)        0.152    11.001 r  fft_core/data_mem/display_write_data0__0_carry_i_10/O
                         net (fo=8, routed)           1.228    12.229    fft_core/data_mem/display_write_data0__0_carry_i_10_n_0
    SLICE_X2Y6           LUT5 (Prop_lut5_I4_O)        0.332    12.561 r  fft_core/data_mem/display_write_data0__0_carry_i_2/O
                         net (fo=1, routed)           0.605    13.166    fft_ctrl/display_write_data_reg[3]_0[2]
    SLICE_X3Y6           CARRY4 (Prop_carry4_DI[2]_CO[3])
                                                      0.398    13.564 r  fft_ctrl/display_write_data0__0_carry/CO[3]
                         net (fo=1, routed)           0.000    13.564    fft_ctrl/display_write_data0__0_carry_n_0
    SLICE_X3Y7           CARRY4 (Prop_carry4_CI_CO[3])
                                                      0.114    13.678 r  fft_ctrl/display_write_data0__0_carry__0/CO[3]
                         net (fo=1, routed)           0.000    13.678    fft_ctrl/display_write_data0__0_carry__0_n_0
    SLICE_X3Y8           CARRY4 (Prop_carry4_CI_O[2])
                                                      0.239    13.917 r  fft_ctrl/display_write_data0__0_carry__1/O[2]
                         net (fo=1, routed)           0.000    13.917    fft_ctrl/magnitude[10]
    SLICE_X3Y8           FDRE                                         r  fft_ctrl/display_write_data_reg[10]/D
  -------------------------------------------------------------------    -------------------

Slack:                    inf
  Source:                 fft_core/data_mem/mem_im_reg/CLKBWRCLK
                            (rising edge-triggered cell RAMB18E1)
  Destination:            fft_ctrl/display_write_data_reg[8]/D
  Path Group:             (none)
  Path Type:              Max at Slow Process Corner
  Data Path Delay:        13.901ns  (logic 5.769ns (41.500%)  route 8.132ns (58.500%))
  Logic Levels:           13  (CARRY4=7 LUT1=1 LUT3=1 LUT5=2 LUT6=1 RAMB18E1=1)

    Location             Delay type                Incr(ns)  Path(ns)    Netlist Resource(s)
  -------------------------------------------------------------------    -------------------
    RAMB18_X0Y4          RAMB18E1                     0.000     0.000 r  fft_core/data_mem/mem_im_reg/CLKBWRCLK
    RAMB18_X0Y4          RAMB18E1 (Prop_ramb18e1_CLKBWRCLK_DOBDO[0])
                                                      2.454     2.454 f  fft_core/data_mem/mem_im_reg/DOBDO[0]
                         net (fo=5, routed)           1.446     3.900    fft_core/data_mem/mem_im_reg_0[0]
    SLICE_X0Y8           LUT1 (Prop_lut1_I0_O)        0.124     4.024 r  fft_core/data_mem/max_val1_carry_i_33/O
                         net (fo=1, routed)           0.537     4.561    fft_core/data_mem/max_val1_carry_i_33_n_0
    SLICE_X2Y8           CARRY4 (Prop_carry4_CYINIT_CO[3])
                                                      0.595     5.156 r  fft_core/data_mem/max_val1_carry_i_21/CO[3]
                         net (fo=1, routed)           0.000     5.156    fft_core/data_mem/max_val1_carry_i_21_n_0
    SLICE_X2Y9           CARRY4 (Prop_carry4_CI_CO[3])
                                                      0.117     5.273 r  fft_core/data_mem/max_val1_carry_i_27/CO[3]
                         net (fo=1, routed)           0.000     5.273    fft_core/data_mem/max_val1_carry_i_27_n_0
    SLICE_X2Y10          CARRY4 (Prop_carry4_CI_O[1])
                                                      0.323     5.596 f  fft_core/data_mem/max_val1_carry__0_i_23/O[1]
                         net (fo=2, routed)           1.103     6.699    fft_core/data_mem/max_val1_carry__0_i_23_n_6
    SLICE_X3Y10          LUT3 (Prop_lut3_I0_O)        0.306     7.005 f  fft_core/data_mem/max_val1_carry__0_i_17/O
                         net (fo=4, routed)           0.970     7.975    fft_core/data_mem/abs_im[10]
    SLICE_X5Y10          LUT6 (Prop_lut6_I3_O)        0.124     8.099 r  fft_core/data_mem/max_val1_carry__0_i_3/O
                         net (fo=1, routed)           0.331     8.430    fft_ctrl/display_write_data0__0_carry_i_8[1]
    SLICE_X4Y9           CARRY4 (Prop_carry4_DI[1]_CO[3])
                                                      0.507     8.937 r  fft_ctrl/max_val1_carry__0/CO[3]
                         net (fo=46, routed)          1.912    10.849    fft_core/data_mem/CO[0]
    SLICE_X4Y6           LUT5 (Prop_lut5_I3_O)        0.152    11.001 r  fft_core/data_mem/display_write_data0__0_carry_i_10/O
                         net (fo=8, routed)           1.228    12.229    fft_core/data_mem/display_write_data0__0_carry_i_10_n_0
    SLICE_X2Y6           LUT5 (Prop_lut5_I4_O)        0.332    12.561 r  fft_core/data_mem/display_write_data0__0_carry_i_2/O
                         net (fo=1, routed)           0.605    13.166    fft_ctrl/display_write_data_reg[3]_0[2]
    SLICE_X3Y6           CARRY4 (Prop_carry4_DI[2]_CO[3])
                                                      0.398    13.564 r  fft_ctrl/display_write_data0__0_carry/CO[3]
                         net (fo=1, routed)           0.000    13.564    fft_ctrl/display_write_data0__0_carry_n_0
    SLICE_X3Y7           CARRY4 (Prop_carry4_CI_CO[3])
                                                      0.114    13.678 r  fft_ctrl/display_write_data0__0_carry__0/CO[3]
                         net (fo=1, routed)           0.000    13.678    fft_ctrl/display_write_data0__0_carry__0_n_0
    SLICE_X3Y8           CARRY4 (Prop_carry4_CI_O[0])
                                                      0.223    13.901 r  fft_ctrl/display_write_data0__0_carry__1/O[0]
                         net (fo=1, routed)           0.000    13.901    fft_ctrl/magnitude[8]
    SLICE_X3Y8           FDRE                                         r  fft_ctrl/display_write_data_reg[8]/D
  -------------------------------------------------------------------    -------------------

Slack:                    inf
  Source:                 fft_core/data_mem/mem_im_reg/CLKBWRCLK
                            (rising edge-triggered cell RAMB18E1)
  Destination:            fft_ctrl/display_write_data_reg[5]/D
  Path Group:             (none)
  Path Type:              Max at Slow Process Corner
  Data Path Delay:        13.898ns  (logic 5.766ns (41.487%)  route 8.132ns (58.513%))
  Logic Levels:           12  (CARRY4=6 LUT1=1 LUT3=1 LUT5=2 LUT6=1 RAMB18E1=1)

    Location             Delay type                Incr(ns)  Path(ns)    Netlist Resource(s)
  -------------------------------------------------------------------    -------------------
    RAMB18_X0Y4          RAMB18E1                     0.000     0.000 r  fft_core/data_mem/mem_im_reg/CLKBWRCLK
    RAMB18_X0Y4          RAMB18E1 (Prop_ramb18e1_CLKBWRCLK_DOBDO[0])
                                                      2.454     2.454 f  fft_core/data_mem/mem_im_reg/DOBDO[0]
                         net (fo=5, routed)           1.446     3.900    fft_core/data_mem/mem_im_reg_0[0]
    SLICE_X0Y8           LUT1 (Prop_lut1_I0_O)        0.124     4.024 r  fft_core/data_mem/max_val1_carry_i_33/O
                         net (fo=1, routed)           0.537     4.561    fft_core/data_mem/max_val1_carry_i_33_n_0
    SLICE_X2Y8           CARRY4 (Prop_carry4_CYINIT_CO[3])
                                                      0.595     5.156 r  fft_core/data_mem/max_val1_carry_i_21/CO[3]
                         net (fo=1, routed)           0.000     5.156    fft_core/data_mem/max_val1_carry_i_21_n_0
    SLICE_X2Y9           CARRY4 (Prop_carry4_CI_CO[3])
                                                      0.117     5.273 r  fft_core/data_mem/max_val1_carry_i_27/CO[3]
                         net (fo=1, routed)           0.000     5.273    fft_core/data_mem/max_val1_carry_i_27_n_0
    SLICE_X2Y10          CARRY4 (Prop_carry4_CI_O[1])
                                                      0.323     5.596 f  fft_core/data_mem/max_val1_carry__0_i_23/O[1]
                         net (fo=2, routed)           1.103     6.699    fft_core/data_mem/max_val1_carry__0_i_23_n_6
    SLICE_X3Y10          LUT3 (Prop_lut3_I0_O)        0.306     7.005 f  fft_core/data_mem/max_val1_carry__0_i_17/O
                         net (fo=4, routed)           0.970     7.975    fft_core/data_mem/abs_im[10]
    SLICE_X5Y10          LUT6 (Prop_lut6_I3_O)        0.124     8.099 r  fft_core/data_mem/max_val1_carry__0_i_3/O
                         net (fo=1, routed)           0.331     8.430    fft_ctrl/display_write_data0__0_carry_i_8[1]
    SLICE_X4Y9           CARRY4 (Prop_carry4_DI[1]_CO[3])
                                                      0.507     8.937 r  fft_ctrl/max_val1_carry__0/CO[3]
                         net (fo=46, routed)          1.912    10.849    fft_core/data_mem/CO[0]
    SLICE_X4Y6           LUT5 (Prop_lut5_I3_O)        0.152    11.001 r  fft_core/data_mem/display_write_data0__0_carry_i_10/O
                         net (fo=8, routed)           1.228    12.229    fft_core/data_mem/display_write_data0__0_carry_i_10_n_0
    SLICE_X2Y6           LUT5 (Prop_lut5_I4_O)        0.332    12.561 r  fft_core/data_mem/display_write_data0__0_carry_i_2/O
                         net (fo=1, routed)           0.605    13.166    fft_ctrl/display_write_data_reg[3]_0[2]
    SLICE_X3Y6           CARRY4 (Prop_carry4_DI[2]_CO[3])
                                                      0.398    13.564 r  fft_ctrl/display_write_data0__0_carry/CO[3]
                         net (fo=1, routed)           0.000    13.564    fft_ctrl/display_write_data0__0_carry_n_0
    SLICE_X3Y7           CARRY4 (Prop_carry4_CI_O[1])
                                                      0.334    13.898 r  fft_ctrl/display_write_data0__0_carry__0/O[1]
                         net (fo=1, routed)           0.000    13.898    fft_ctrl/magnitude[5]
    SLICE_X3Y7           FDRE                                         r  fft_ctrl/display_write_data_reg[5]/D
  -------------------------------------------------------------------    -------------------

Slack:                    inf
  Source:                 fft_core/data_mem/mem_im_reg/CLKBWRCLK
                            (rising edge-triggered cell RAMB18E1)
  Destination:            fft_ctrl/display_write_data_reg[7]/D
  Path Group:             (none)
  Path Type:              Max at Slow Process Corner
  Data Path Delay:        13.877ns  (logic 5.745ns (41.399%)  route 8.132ns (58.601%))
  Logic Levels:           12  (CARRY4=6 LUT1=1 LUT3=1 LUT5=2 LUT6=1 RAMB18E1=1)

    Location             Delay type                Incr(ns)  Path(ns)    Netlist Resource(s)
  -------------------------------------------------------------------    -------------------
    RAMB18_X0Y4          RAMB18E1                     0.000     0.000 r  fft_core/data_mem/mem_im_reg/CLKBWRCLK
    RAMB18_X0Y4          RAMB18E1 (Prop_ramb18e1_CLKBWRCLK_DOBDO[0])
                                                      2.454     2.454 f  fft_core/data_mem/mem_im_reg/DOBDO[0]
                         net (fo=5, routed)           1.446     3.900    fft_core/data_mem/mem_im_reg_0[0]
    SLICE_X0Y8           LUT1 (Prop_lut1_I0_O)        0.124     4.024 r  fft_core/data_mem/max_val1_carry_i_33/O
                         net (fo=1, routed)           0.537     4.561    fft_core/data_mem/max_val1_carry_i_33_n_0
    SLICE_X2Y8           CARRY4 (Prop_carry4_CYINIT_CO[3])
                                                      0.595     5.156 r  fft_core/data_mem/max_val1_carry_i_21/CO[3]
                         net (fo=1, routed)           0.000     5.156    fft_core/data_mem/max_val1_carry_i_21_n_0
    SLICE_X2Y9           CARRY4 (Prop_carry4_CI_CO[3])
                                                      0.117     5.273 r  fft_core/data_mem/max_val1_carry_i_27/CO[3]
                         net (fo=1, routed)           0.000     5.273    fft_core/data_mem/max_val1_carry_i_27_n_0
    SLICE_X2Y10          CARRY4 (Prop_carry4_CI_O[1])
                                                      0.323     5.596 f  fft_core/data_mem/max_val1_carry__0_i_23/O[1]
                         net (fo=2, routed)           1.103     6.699    fft_core/data_mem/max_val1_carry__0_i_23_n_6
    SLICE_X3Y10          LUT3 (Prop_lut3_I0_O)        0.306     7.005 f  fft_core/data_mem/max_val1_carry__0_i_17/O
                         net (fo=4, routed)           0.970     7.975    fft_core/data_mem/abs_im[10]
    SLICE_X5Y10          LUT6 (Prop_lut6_I3_O)        0.124     8.099 r  fft_core/data_mem/max_val1_carry__0_i_3/O
                         net (fo=1, routed)           0.331     8.430    fft_ctrl/display_write_data0__0_carry_i_8[1]
    SLICE_X4Y9           CARRY4 (Prop_carry4_DI[1]_CO[3])
                                                      0.507     8.937 r  fft_ctrl/max_val1_carry__0/CO[3]
                         net (fo=46, routed)          1.912    10.849    fft_core/data_mem/CO[0]
    SLICE_X4Y6           LUT5 (Prop_lut5_I3_O)        0.152    11.001 r  fft_core/data_mem/display_write_data0__0_carry_i_10/O
                         net (fo=8, routed)           1.228    12.229    fft_core/data_mem/display_write_data0__0_carry_i_10_n_0
    SLICE_X2Y6           LUT5 (Prop_lut5_I4_O)        0.332    12.561 r  fft_core/data_mem/display_write_data0__0_carry_i_2/O
                         net (fo=1, routed)           0.605    13.166    fft_ctrl/display_write_data_reg[3]_0[2]
    SLICE_X3Y6           CARRY4 (Prop_carry4_DI[2]_CO[3])
                                                      0.398    13.564 r  fft_ctrl/display_write_data0__0_carry/CO[3]
                         net (fo=1, routed)           0.000    13.564    fft_ctrl/display_write_data0__0_carry_n_0
    SLICE_X3Y7           CARRY4 (Prop_carry4_CI_O[3])
                                                      0.313    13.877 r  fft_ctrl/display_write_data0__0_carry__0/O[3]
                         net (fo=1, routed)           0.000    13.877    fft_ctrl/magnitude[7]
    SLICE_X3Y7           FDRE                                         r  fft_ctrl/display_write_data_reg[7]/D
  -------------------------------------------------------------------    -------------------





Min Delay Paths
--------------------------------------------------------------------------------------
Slack:                    inf
  Source:                 fft_core/bfu/prod1_r_reg/ACOUT[0]
                            (internal pin)
  Destination:            fft_core/bfu/prod3_r_reg/ACIN[0]
  Path Group:             (none)
  Path Type:              Min at Slow Process Corner
  Data Path Delay:        0.002ns  (logic 0.000ns (0.000%)  route 0.002ns (100.000%))
  Logic Levels:           0  

    Location             Delay type                Incr(ns)  Path(ns)    Netlist Resource(s)
  -------------------------------------------------------------------    -------------------
    DSP48_X0Y6           DSP48E1                      0.000     0.000 r  fft_core/bfu/prod1_r_reg/ACOUT[0]
                         net (fo=1, routed)           0.002     0.002    fft_core/bfu/prod1_r_reg_n_53
    DSP48_X0Y7           DSP48E1                                      r  fft_core/bfu/prod3_r_reg/ACIN[0]
  -------------------------------------------------------------------    -------------------

Slack:                    inf
  Source:                 fft_core/bfu/prod1_r_reg/ACOUT[10]
                            (internal pin)
  Destination:            fft_core/bfu/prod3_r_reg/ACIN[10]
  Path Group:             (none)
  Path Type:              Min at Slow Process Corner
  Data Path Delay:        0.002ns  (logic 0.000ns (0.000%)  route 0.002ns (100.000%))
  Logic Levels:           0  

    Location             Delay type                Incr(ns)  Path(ns)    Netlist Resource(s)
  -------------------------------------------------------------------    -------------------
    DSP48_X0Y6           DSP48E1                      0.000     0.000 r  fft_core/bfu/prod1_r_reg/ACOUT[10]
                         net (fo=1, routed)           0.002     0.002    fft_core/bfu/prod1_r_reg_n_43
    DSP48_X0Y7           DSP48E1                                      r  fft_core/bfu/prod3_r_reg/ACIN[10]
  -------------------------------------------------------------------    -------------------

Slack:                    inf
  Source:                 fft_core/bfu/prod1_r_reg/ACOUT[11]
                            (internal pin)
  Destination:            fft_core/bfu/prod3_r_reg/ACIN[11]
  Path Group:             (none)
  Path Type:              Min at Slow Process Corner
  Data Path Delay:        0.002ns  (logic 0.000ns (0.000%)  route 0.002ns (100.000%))
  Logic Levels:           0  

    Location             Delay type                Incr(ns)  Path(ns)    Netlist Resource(s)
  -------------------------------------------------------------------    -------------------
    DSP48_X0Y6           DSP48E1                      0.000     0.000 r  fft_core/bfu/prod1_r_reg/ACOUT[11]
                         net (fo=1, routed)           0.002     0.002    fft_core/bfu/prod1_r_reg_n_42
    DSP48_X0Y7           DSP48E1                                      r  fft_core/bfu/prod3_r_reg/ACIN[11]
  -------------------------------------------------------------------    -------------------

Slack:                    inf
  Source:                 fft_core/bfu/prod1_r_reg/ACOUT[12]
                            (internal pin)
  Destination:            fft_core/bfu/prod3_r_reg/ACIN[12]
  Path Group:             (none)
  Path Type:              Min at Slow Process Corner
  Data Path Delay:        0.002ns  (logic 0.000ns (0.000%)  route 0.002ns (100.000%))
  Logic Levels:           0  

    Location             Delay type                Incr(ns)  Path(ns)    Netlist Resource(s)
  -------------------------------------------------------------------    -------------------
    DSP48_X0Y6           DSP48E1                      0.000     0.000 r  fft_core/bfu/prod1_r_reg/ACOUT[12]
                         net (fo=1, routed)           0.002     0.002    fft_core/bfu/prod1_r_reg_n_41
    DSP48_X0Y7           DSP48E1                                      r  fft_core/bfu/prod3_r_reg/ACIN[12]
  -------------------------------------------------------------------    -------------------

Slack:                    inf
  Source:                 fft_core/bfu/prod1_r_reg/ACOUT[13]
                            (internal pin)
  Destination:            fft_core/bfu/prod3_r_reg/ACIN[13]
  Path Group:             (none)
  Path Type:              Min at Slow Process Corner
  Data Path Delay:        0.002ns  (logic 0.000ns (0.000%)  route 0.002ns (100.000%))
  Logic Levels:           0  

    Location             Delay type                Incr(ns)  Path(ns)    Netlist Resource(s)
  -------------------------------------------------------------------    -------------------
    DSP48_X0Y6           DSP48E1                      0.000     0.000 r  fft_core/bfu/prod1_r_reg/ACOUT[13]
                         net (fo=1, routed)           0.002     0.002    fft_core/bfu/prod1_r_reg_n_40
    DSP48_X0Y7           DSP48E1                                      r  fft_core/bfu/prod3_r_reg/ACIN[13]
  -------------------------------------------------------------------    -------------------

Slack:                    inf
  Source:                 fft_core/bfu/prod1_r_reg/ACOUT[14]
                            (internal pin)
  Destination:            fft_core/bfu/prod3_r_reg/ACIN[14]
  Path Group:             (none)
  Path Type:              Min at Slow Process Corner
  Data Path Delay:        0.002ns  (logic 0.000ns (0.000%)  route 0.002ns (100.000%))
  Logic Levels:           0  

    Location             Delay type                Incr(ns)  Path(ns)    Netlist Resource(s)
  -------------------------------------------------------------------    -------------------
    DSP48_X0Y6           DSP48E1                      0.000     0.000 r  fft_core/bfu/prod1_r_reg/ACOUT[14]
                         net (fo=1, routed)           0.002     0.002    fft_core/bfu/prod1_r_reg_n_39
    DSP48_X0Y7           DSP48E1                                      r  fft_core/bfu/prod3_r_reg/ACIN[14]
  -------------------------------------------------------------------    -------------------

Slack:                    inf
  Source:                 fft_core/bfu/prod1_r_reg/ACOUT[15]
                            (internal pin)
  Destination:            fft_core/bfu/prod3_r_reg/ACIN[15]
  Path Group:             (none)
  Path Type:              Min at Slow Process Corner
  Data Path Delay:        0.002ns  (logic 0.000ns (0.000%)  route 0.002ns (100.000%))
  Logic Levels:           0  

    Location             Delay type                Incr(ns)  Path(ns)    Netlist Resource(s)
  -------------------------------------------------------------------    -------------------
    DSP48_X0Y6           DSP48E1                      0.000     0.000 r  fft_core/bfu/prod1_r_reg/ACOUT[15]
                         net (fo=1, routed)           0.002     0.002    fft_core/bfu/prod1_r_reg_n_38
    DSP48_X0Y7           DSP48E1                                      r  fft_core/bfu/prod3_r_reg/ACIN[15]
  -------------------------------------------------------------------    -------------------

Slack:                    inf
  Source:                 fft_core/bfu/prod1_r_reg/ACOUT[16]
                            (internal pin)
  Destination:            fft_core/bfu/prod3_r_reg/ACIN[16]
  Path Group:             (none)
  Path Type:              Min at Slow Process Corner
  Data Path Delay:        0.002ns  (logic 0.000ns (0.000%)  route 0.002ns (100.000%))
  Logic Levels:           0  

    Location             Delay type                Incr(ns)  Path(ns)    Netlist Resource(s)
  -------------------------------------------------------------------    -------------------
    DSP48_X0Y6           DSP48E1                      0.000     0.000 r  fft_core/bfu/prod1_r_reg/ACOUT[16]
                         net (fo=1, routed)           0.002     0.002    fft_core/bfu/prod1_r_reg_n_37
    DSP48_X0Y7           DSP48E1                                      r  fft_core/bfu/prod3_r_reg/ACIN[16]
  -------------------------------------------------------------------    -------------------

Slack:                    inf
  Source:                 fft_core/bfu/prod1_r_reg/ACOUT[17]
                            (internal pin)
  Destination:            fft_core/bfu/prod3_r_reg/ACIN[17]
  Path Group:             (none)
  Path Type:              Min at Slow Process Corner
  Data Path Delay:        0.002ns  (logic 0.000ns (0.000%)  route 0.002ns (100.000%))
  Logic Levels:           0  

    Location             Delay type                Incr(ns)  Path(ns)    Netlist Resource(s)
  -------------------------------------------------------------------    -------------------
    DSP48_X0Y6           DSP48E1                      0.000     0.000 r  fft_core/bfu/prod1_r_reg/ACOUT[17]
                         net (fo=1, routed)           0.002     0.002    fft_core/bfu/prod1_r_reg_n_36
    DSP48_X0Y7           DSP48E1                                      r  fft_core/bfu/prod3_r_reg/ACIN[17]
  -------------------------------------------------------------------    -------------------

Slack:                    inf
  Source:                 fft_core/bfu/prod1_r_reg/ACOUT[18]
                            (internal pin)
  Destination:            fft_core/bfu/prod3_r_reg/ACIN[18]
  Path Group:             (none)
  Path Type:              Min at Slow Process Corner
  Data Path Delay:        0.002ns  (logic 0.000ns (0.000%)  route 0.002ns (100.000%))
  Logic Levels:           0  

    Location             Delay type                Incr(ns)  Path(ns)    Netlist Resource(s)
  -------------------------------------------------------------------    -------------------
    DSP48_X0Y6           DSP48E1                      0.000     0.000 r  fft_core/bfu/prod1_r_reg/ACOUT[18]
                         net (fo=1, routed)           0.002     0.002    fft_core/bfu/prod1_r_reg_n_35
    DSP48_X0Y7           DSP48E1                                      r  fft_core/bfu/prod3_r_reg/ACIN[18]
  -------------------------------------------------------------------    -------------------





--------------------------------------------------------------------------------------
Path Group:  (none)
From Clock:  clk_125_clk_wiz_0
  To Clock:  

Max Delay             8 Endpoints
Min Delay             8 Endpoints
--------------------------------------------------------------------------------------


Max Delay Paths
--------------------------------------------------------------------------------------
Slack:                    inf
  Source:                 hdmi_tx/inst/serial_clk/oserdes_m/CLK
                            (rising edge-triggered cell OSERDESE2 clocked by clk_125_clk_wiz_0  {rise@0.000ns fall@4.000ns period=8.000ns})
  Destination:            hdmi_tmds_clk_n
                            (output port)
  Path Group:             (none)
  Path Type:              Max at Slow Process Corner
  Data Path Delay:        2.311ns  (logic 2.310ns (99.957%)  route 0.001ns (0.043%))
  Logic Levels:           1  (OBUFDS=1)
  Clock Uncertainty:      0.166ns  ((TSJ^2 + DJ^2)^1/2) / 2 + PE
    Total System Jitter     (TSJ):    0.050ns
    Discrete Jitter          (DJ):    0.125ns
    Phase Error              (PE):    0.099ns

    Location             Delay type                Incr(ns)  Path(ns)    Netlist Resource(s)
  -------------------------------------------------------------------    -------------------
                         (clock clk_125_clk_wiz_0 rise edge)
                                                      0.000     0.000 r  
    BUFGCTRL_X0Y2        BUFG                         0.000     0.000 r  CLK_100MHZ_IBUF_BUFG_inst/O
                         net (fo=452, routed)         1.575     1.575    clk_gen/inst/clk_in1
    MMCME2_ADV_X1Y0      MMCME2_ADV (Prop_mmcme2_adv_CLKIN1_CLKOUT1)
                                                     -3.333    -1.757 r  clk_gen/inst/mmcm_adv_inst/CLKOUT1
                         net (fo=1, routed)           1.661    -0.096    clk_gen/inst/clk_125_clk_wiz_0
    BUFGCTRL_X0Y1        BUFG (Prop_bufg_I_O)         0.096    -0.000 r  clk_gen/inst/clkout2_buf/O
                         net (fo=8, routed)           1.671     1.671    hdmi_tx/inst/serial_clk/pix_clkx5
    OLOGIC_X0Y18         OSERDESE2                                    r  hdmi_tx/inst/serial_clk/oserdes_m/CLK
  -------------------------------------------------------------------    -------------------
    OLOGIC_X0Y18         OSERDESE2 (Prop_oserdese2_CLK_OQ)
                                                      0.472     2.143 r  hdmi_tx/inst/serial_clk/oserdes_m/OQ
                         net (fo=1, routed)           0.001     2.144    hdmi_tx/inst/tmdsclk
    U16                  OBUFDS (Prop_obufds_I_OB)    1.838     3.982 r  hdmi_tx/inst/OBUFDS_CLK/OB
                         net (fo=0)                   0.000     3.982    hdmi_tmds_clk_n
    V17                                                               r  hdmi_tmds_clk_n (OUT)
  -------------------------------------------------------------------    -------------------

Slack:                    inf
  Source:                 hdmi_tx/inst/serial_clk/oserdes_m/CLK
                            (rising edge-triggered cell OSERDESE2 clocked by clk_125_clk_wiz_0  {rise@0.000ns fall@4.000ns period=8.000ns})
  Destination:            hdmi_tmds_clk_p
                            (output port)
  Path Group:             (none)
  Path Type:              Max at Slow Process Corner
  Data Path Delay:        2.310ns  (logic 2.309ns (99.957%)  route 0.001ns (0.043%))
  Logic Levels:           1  (OBUFDS=1)
  Clock Uncertainty:      0.166ns  ((TSJ^2 + DJ^2)^1/2) / 2 + PE
    Total System Jitter     (TSJ):    0.050ns
    Discrete Jitter          (DJ):    0.125ns
    Phase Error              (PE):    0.099ns

    Location             Delay type                Incr(ns)  Path(ns)    Netlist Resource(s)
  -------------------------------------------------------------------    -------------------
                         (clock clk_125_clk_wiz_0 rise edge)
                                                      0.000     0.000 r  
    BUFGCTRL_X0Y2        BUFG                         0.000     0.000 r  CLK_100MHZ_IBUF_BUFG_inst/O
                         net (fo=452, routed)         1.575     1.575    clk_gen/inst/clk_in1
    MMCME2_ADV_X1Y0      MMCME2_ADV (Prop_mmcme2_adv_CLKIN1_CLKOUT1)
                                                     -3.333    -1.757 r  clk_gen/inst/mmcm_adv_inst/CLKOUT1
                         net (fo=1, routed)           1.661    -0.096    clk_gen/inst/clk_125_clk_wiz_0
    BUFGCTRL_X0Y1        BUFG (Prop_bufg_I_O)         0.096    -0.000 r  clk_gen/inst/clkout2_buf/O
                         net (fo=8, routed)           1.671     1.671    hdmi_tx/inst/serial_clk/pix_clkx5
    OLOGIC_X0Y18         OSERDESE2                                    r  hdmi_tx/inst/serial_clk/oserdes_m/CLK
  -------------------------------------------------------------------    -------------------
    OLOGIC_X0Y18         OSERDESE2 (Prop_oserdese2_CLK_OQ)
                                                      0.472     2.143 r  hdmi_tx/inst/serial_clk/oserdes_m/OQ
                         net (fo=1, routed)           0.001     2.144    hdmi_tx/inst/tmdsclk
    U16                  OBUFDS (Prop_obufds_I_O)     1.837     3.981 r  hdmi_tx/inst/OBUFDS_CLK/O
                         net (fo=0)                   0.000     3.981    hdmi_tmds_clk_p
    U16                                                               r  hdmi_tmds_clk_p (OUT)
  -------------------------------------------------------------------    -------------------

Slack:                    inf
  Source:                 hdmi_tx/inst/serial_g/oserdes_m/CLK
                            (rising edge-triggered cell OSERDESE2 clocked by clk_125_clk_wiz_0  {rise@0.000ns fall@4.000ns period=8.000ns})
  Destination:            hdmi_tmds_data_n[1]
                            (output port)
  Path Group:             (none)
  Path Type:              Max at Slow Process Corner
  Data Path Delay:        2.312ns  (logic 2.311ns (99.957%)  route 0.001ns (0.043%))
  Logic Levels:           1  (OBUFDS=1)
  Clock Uncertainty:      0.166ns  ((TSJ^2 + DJ^2)^1/2) / 2 + PE
    Total System Jitter     (TSJ):    0.050ns
    Discrete Jitter          (DJ):    0.125ns
    Phase Error              (PE):    0.099ns

    Location             Delay type                Incr(ns)  Path(ns)    Netlist Resource(s)
  -------------------------------------------------------------------    -------------------
                         (clock clk_125_clk_wiz_0 rise edge)
                                                      0.000     0.000 r  
    BUFGCTRL_X0Y2        BUFG                         0.000     0.000 r  CLK_100MHZ_IBUF_BUFG_inst/O
                         net (fo=452, routed)         1.575     1.575    clk_gen/inst/clk_in1
    MMCME2_ADV_X1Y0      MMCME2_ADV (Prop_mmcme2_adv_CLKIN1_CLKOUT1)
                                                     -3.333    -1.757 r  clk_gen/inst/mmcm_adv_inst/CLKOUT1
                         net (fo=1, routed)           1.661    -0.096    clk_gen/inst/clk_125_clk_wiz_0
    BUFGCTRL_X0Y1        BUFG (Prop_bufg_I_O)         0.096    -0.000 r  clk_gen/inst/clkout2_buf/O
                         net (fo=8, routed)           1.665     1.665    hdmi_tx/inst/serial_g/pix_clkx5
    OLOGIC_X0Y22         OSERDESE2                                    r  hdmi_tx/inst/serial_g/oserdes_m/CLK
  -------------------------------------------------------------------    -------------------
    OLOGIC_X0Y22         OSERDESE2 (Prop_oserdese2_CLK_OQ)
                                                      0.472     2.137 r  hdmi_tx/inst/serial_g/oserdes_m/OQ
                         net (fo=1, routed)           0.001     2.138    hdmi_tx/inst/TMDSINT_1
    R16                  OBUFDS (Prop_obufds_I_OB)    1.839     3.976 r  hdmi_tx/inst/OBUFDS_G/OB
                         net (fo=0)                   0.000     3.976    hdmi_tmds_data_n[1]
    R17                                                               r  hdmi_tmds_data_n[1] (OUT)
  -------------------------------------------------------------------    -------------------

Slack:                    inf
  Source:                 hdmi_tx/inst/serial_b/oserdes_m/CLK
                            (rising edge-triggered cell OSERDESE2 clocked by clk_125_clk_wiz_0  {rise@0.000ns fall@4.000ns period=8.000ns})
  Destination:            hdmi_tmds_data_n[0]
                            (output port)
  Path Group:             (none)
  Path Type:              Max at Slow Process Corner
  Data Path Delay:        2.310ns  (logic 2.309ns (99.957%)  route 0.001ns (0.043%))
  Logic Levels:           1  (OBUFDS=1)
  Clock Uncertainty:      0.166ns  ((TSJ^2 + DJ^2)^1/2) / 2 + PE
    Total System Jitter     (TSJ):    0.050ns
    Discrete Jitter          (DJ):    0.125ns
    Phase Error              (PE):    0.099ns

    Location             Delay type                Incr(ns)  Path(ns)    Netlist Resource(s)
  -------------------------------------------------------------------    -------------------
                         (clock clk_125_clk_wiz_0 rise edge)
                                                      0.000     0.000 r  
    BUFGCTRL_X0Y2        BUFG                         0.000     0.000 r  CLK_100MHZ_IBUF_BUFG_inst/O
                         net (fo=452, routed)         1.575     1.575    clk_gen/inst/clk_in1
    MMCME2_ADV_X1Y0      MMCME2_ADV (Prop_mmcme2_adv_CLKIN1_CLKOUT1)
                                                     -3.333    -1.757 r  clk_gen/inst/mmcm_adv_inst/CLKOUT1
                         net (fo=1, routed)           1.661    -0.096    clk_gen/inst/clk_125_clk_wiz_0
    BUFGCTRL_X0Y1        BUFG (Prop_bufg_I_O)         0.096    -0.000 r  clk_gen/inst/clkout2_buf/O
                         net (fo=8, routed)           1.666     1.666    hdmi_tx/inst/serial_b/pix_clkx5
    OLOGIC_X0Y20         OSERDESE2                                    r  hdmi_tx/inst/serial_b/oserdes_m/CLK
  -------------------------------------------------------------------    -------------------
    OLOGIC_X0Y20         OSERDESE2 (Prop_oserdese2_CLK_OQ)
                                                      0.472     2.138 r  hdmi_tx/inst/serial_b/oserdes_m/OQ
                         net (fo=1, routed)           0.001     2.139    hdmi_tx/inst/TMDSINT_0
    U17                  OBUFDS (Prop_obufds_I_OB)    1.837     3.976 r  hdmi_tx/inst/OBUFDS_B/OB
                         net (fo=0)                   0.000     3.976    hdmi_tmds_data_n[0]
    U18                                                               r  hdmi_tmds_data_n[0] (OUT)
  -------------------------------------------------------------------    -------------------

Slack:                    inf
  Source:                 hdmi_tx/inst/serial_g/oserdes_m/CLK
                            (rising edge-triggered cell OSERDESE2 clocked by clk_125_clk_wiz_0  {rise@0.000ns fall@4.000ns period=8.000ns})
  Destination:            hdmi_tmds_data_p[1]
                            (output port)
  Path Group:             (none)
  Path Type:              Max at Slow Process Corner
  Data Path Delay:        2.311ns  (logic 2.310ns (99.957%)  route 0.001ns (0.043%))
  Logic Levels:           1  (OBUFDS=1)
  Clock Uncertainty:      0.166ns  ((TSJ^2 + DJ^2)^1/2) / 2 + PE
    Total System Jitter     (TSJ):    0.050ns
    Discrete Jitter          (DJ):    0.125ns
    Phase Error              (PE):    0.099ns

    Location             Delay type                Incr(ns)  Path(ns)    Netlist Resource(s)
  -------------------------------------------------------------------    -------------------
                         (clock clk_125_clk_wiz_0 rise edge)
                                                      0.000     0.000 r  
    BUFGCTRL_X0Y2        BUFG                         0.000     0.000 r  CLK_100MHZ_IBUF_BUFG_inst/O
                         net (fo=452, routed)         1.575     1.575    clk_gen/inst/clk_in1
    MMCME2_ADV_X1Y0      MMCME2_ADV (Prop_mmcme2_adv_CLKIN1_CLKOUT1)
                                                     -3.333    -1.757 r  clk_gen/inst/mmcm_adv_inst/CLKOUT1
                         net (fo=1, routed)           1.661    -0.096    clk_gen/inst/clk_125_clk_wiz_0
    BUFGCTRL_X0Y1        BUFG (Prop_bufg_I_O)         0.096    -0.000 r  clk_gen/inst/clkout2_buf/O
                         net (fo=8, routed)           1.665     1.665    hdmi_tx/inst/serial_g/pix_clkx5
    OLOGIC_X0Y22         OSERDESE2                                    r  hdmi_tx/inst/serial_g/oserdes_m/CLK
  -------------------------------------------------------------------    -------------------
    OLOGIC_X0Y22         OSERDESE2 (Prop_oserdese2_CLK_OQ)
                                                      0.472     2.137 r  hdmi_tx/inst/serial_g/oserdes_m/OQ
                         net (fo=1, routed)           0.001     2.138    hdmi_tx/inst/TMDSINT_1
    R16                  OBUFDS (Prop_obufds_I_O)     1.838     3.975 r  hdmi_tx/inst/OBUFDS_G/O
                         net (fo=0)                   0.000     3.975    hdmi_tmds_data_p[1]
    R16                                                               r  hdmi_tmds_data_p[1] (OUT)
  -------------------------------------------------------------------    -------------------

Slack:                    inf
  Source:                 hdmi_tx/inst/serial_b/oserdes_m/CLK
                            (rising edge-triggered cell OSERDESE2 clocked by clk_125_clk_wiz_0  {rise@0.000ns fall@4.000ns period=8.000ns})
  Destination:            hdmi_tmds_data_p[0]
                            (output port)
  Path Group:             (none)
  Path Type:              Max at Slow Process Corner
  Data Path Delay:        2.309ns  (logic 2.308ns (99.957%)  route 0.001ns (0.043%))
  Logic Levels:           1  (OBUFDS=1)
  Clock Uncertainty:      0.166ns  ((TSJ^2 + DJ^2)^1/2) / 2 + PE
    Total System Jitter     (TSJ):    0.050ns
    Discrete Jitter          (DJ):    0.125ns
    Phase Error              (PE):    0.099ns

    Location             Delay type                Incr(ns)  Path(ns)    Netlist Resource(s)
  -------------------------------------------------------------------    -------------------
                         (clock clk_125_clk_wiz_0 rise edge)
                                                      0.000     0.000 r  
    BUFGCTRL_X0Y2        BUFG                         0.000     0.000 r  CLK_100MHZ_IBUF_BUFG_inst/O
                         net (fo=452, routed)         1.575     1.575    clk_gen/inst/clk_in1
    MMCME2_ADV_X1Y0      MMCME2_ADV (Prop_mmcme2_adv_CLKIN1_CLKOUT1)
                                                     -3.333    -1.757 r  clk_gen/inst/mmcm_adv_inst/CLKOUT1
                         net (fo=1, routed)           1.661    -0.096    clk_gen/inst/clk_125_clk_wiz_0
    BUFGCTRL_X0Y1        BUFG (Prop_bufg_I_O)         0.096    -0.000 r  clk_gen/inst/clkout2_buf/O
                         net (fo=8, routed)           1.666     1.666    hdmi_tx/inst/serial_b/pix_clkx5
    OLOGIC_X0Y20         OSERDESE2                                    r  hdmi_tx/inst/serial_b/oserdes_m/CLK
  -------------------------------------------------------------------    -------------------
    OLOGIC_X0Y20         OSERDESE2 (Prop_oserdese2_CLK_OQ)
                                                      0.472     2.138 r  hdmi_tx/inst/serial_b/oserdes_m/OQ
                         net (fo=1, routed)           0.001     2.139    hdmi_tx/inst/TMDSINT_0
    U17                  OBUFDS (Prop_obufds_I_O)     1.836     3.975 r  hdmi_tx/inst/OBUFDS_B/O
                         net (fo=0)                   0.000     3.975    hdmi_tmds_data_p[0]
    U17                                                               r  hdmi_tmds_data_p[0] (OUT)
  -------------------------------------------------------------------    -------------------

Slack:                    inf
  Source:                 hdmi_tx/inst/serial_r/oserdes_m/CLK
                            (rising edge-triggered cell OSERDESE2 clocked by clk_125_clk_wiz_0  {rise@0.000ns fall@4.000ns period=8.000ns})
  Destination:            hdmi_tmds_data_n[2]
                            (output port)
  Path Group:             (none)
  Path Type:              Max at Slow Process Corner
  Data Path Delay:        2.299ns  (logic 2.298ns (99.956%)  route 0.001ns (0.043%))
  Logic Levels:           1  (OBUFDS=1)
  Clock Uncertainty:      0.166ns  ((TSJ^2 + DJ^2)^1/2) / 2 + PE
    Total System Jitter     (TSJ):    0.050ns
    Discrete Jitter          (DJ):    0.125ns
    Phase Error              (PE):    0.099ns

    Location             Delay type                Incr(ns)  Path(ns)    Netlist Resource(s)
  -------------------------------------------------------------------    -------------------
                         (clock clk_125_clk_wiz_0 rise edge)
                                                      0.000     0.000 r  
    BUFGCTRL_X0Y2        BUFG                         0.000     0.000 r  CLK_100MHZ_IBUF_BUFG_inst/O
                         net (fo=452, routed)         1.575     1.575    clk_gen/inst/clk_in1
    MMCME2_ADV_X1Y0      MMCME2_ADV (Prop_mmcme2_adv_CLKIN1_CLKOUT1)
                                                     -3.333    -1.757 r  clk_gen/inst/mmcm_adv_inst/CLKOUT1
                         net (fo=1, routed)           1.661    -0.096    clk_gen/inst/clk_125_clk_wiz_0
    BUFGCTRL_X0Y1        BUFG (Prop_bufg_I_O)         0.096    -0.000 r  clk_gen/inst/clkout2_buf/O
                         net (fo=8, routed)           1.663     1.663    hdmi_tx/inst/serial_r/pix_clkx5
    OLOGIC_X0Y24         OSERDESE2                                    r  hdmi_tx/inst/serial_r/oserdes_m/CLK
  -------------------------------------------------------------------    -------------------
    OLOGIC_X0Y24         OSERDESE2 (Prop_oserdese2_CLK_OQ)
                                                      0.472     2.135 r  hdmi_tx/inst/serial_r/oserdes_m/OQ
                         net (fo=1, routed)           0.001     2.136    hdmi_tx/inst/TMDSINT_2
    R14                  OBUFDS (Prop_obufds_I_OB)    1.826     3.962 r  hdmi_tx/inst/OBUFDS_R/OB
                         net (fo=0)                   0.000     3.962    hdmi_tmds_data_n[2]
    T14                                                               r  hdmi_tmds_data_n[2] (OUT)
  -------------------------------------------------------------------    -------------------

Slack:                    inf
  Source:                 hdmi_tx/inst/serial_r/oserdes_m/CLK
                            (rising edge-triggered cell OSERDESE2 clocked by clk_125_clk_wiz_0  {rise@0.000ns fall@4.000ns period=8.000ns})
  Destination:            hdmi_tmds_data_p[2]
                            (output port)
  Path Group:             (none)
  Path Type:              Max at Slow Process Corner
  Data Path Delay:        2.298ns  (logic 2.297ns (99.956%)  route 0.001ns (0.044%))
  Logic Levels:           1  (OBUFDS=1)
  Clock Uncertainty:      0.166ns  ((TSJ^2 + DJ^2)^1/2) / 2 + PE
    Total System Jitter     (TSJ):    0.050ns
    Discrete Jitter          (DJ):    0.125ns
    Phase Error              (PE):    0.099ns

    Location             Delay type                Incr(ns)  Path(ns)    Netlist Resource(s)
  -------------------------------------------------------------------    -------------------
                         (clock clk_125_clk_wiz_0 rise edge)
                                                      0.000     0.000 r  
    BUFGCTRL_X0Y2        BUFG                         0.000     0.000 r  CLK_100MHZ_IBUF_BUFG_inst/O
                         net (fo=452, routed)         1.575     1.575    clk_gen/inst/clk_in1
    MMCME2_ADV_X1Y0      MMCME2_ADV (Prop_mmcme2_adv_CLKIN1_CLKOUT1)
                                                     -3.333    -1.757 r  clk_gen/inst/mmcm_adv_inst/CLKOUT1
                         net (fo=1, routed)           1.661    -0.096    clk_gen/inst/clk_125_clk_wiz_0
    BUFGCTRL_X0Y1        BUFG (Prop_bufg_I_O)         0.096    -0.000 r  clk_gen/inst/clkout2_buf/O
                         net (fo=8, routed)           1.663     1.663    hdmi_tx/inst/serial_r/pix_clkx5
    OLOGIC_X0Y24         OSERDESE2                                    r  hdmi_tx/inst/serial_r/oserdes_m/CLK
  -------------------------------------------------------------------    -------------------
    OLOGIC_X0Y24         OSERDESE2 (Prop_oserdese2_CLK_OQ)
                                                      0.472     2.135 r  hdmi_tx/inst/serial_r/oserdes_m/OQ
                         net (fo=1, routed)           0.001     2.136    hdmi_tx/inst/TMDSINT_2
    R14                  OBUFDS (Prop_obufds_I_O)     1.825     3.961 r  hdmi_tx/inst/OBUFDS_R/O
                         net (fo=0)                   0.000     3.961    hdmi_tmds_data_p[2]
    R14                                                               r  hdmi_tmds_data_p[2] (OUT)
  -------------------------------------------------------------------    -------------------





Min Delay Paths
--------------------------------------------------------------------------------------
Slack:                    inf
  Source:                 hdmi_tx/inst/serial_r/oserdes_m/CLK
                            (rising edge-triggered cell OSERDESE2 clocked by clk_125_clk_wiz_0  {rise@0.000ns fall@4.000ns period=8.000ns})
  Destination:            hdmi_tmds_data_p[2]
                            (output port)
  Path Group:             (none)
  Path Type:              Min at Fast Process Corner
  Data Path Delay:        0.952ns  (logic 0.951ns (99.895%)  route 0.001ns (0.105%))
  Logic Levels:           1  (OBUFDS=1)
  Clock Uncertainty:      0.166ns  ((TSJ^2 + DJ^2)^1/2) / 2 + PE
    Total System Jitter     (TSJ):    0.050ns
    Discrete Jitter          (DJ):    0.125ns
    Phase Error              (PE):    0.099ns

    Location             Delay type                Incr(ns)  Path(ns)    Netlist Resource(s)
  -------------------------------------------------------------------    -------------------
                         (clock clk_125_clk_wiz_0 rise edge)
                                                      0.000     0.000 r  
    BUFGCTRL_X0Y2        BUFG                         0.000     0.000 r  CLK_100MHZ_IBUF_BUFG_inst/O
                         net (fo=452, routed)         0.549     0.549    clk_gen/inst/clk_in1
    MMCME2_ADV_X1Y0      MMCME2_ADV (Prop_mmcme2_adv_CLKIN1_CLKOUT1)
                                                     -1.061    -0.512 r  clk_gen/inst/mmcm_adv_inst/CLKOUT1
                         net (fo=1, routed)           0.486    -0.026    clk_gen/inst/clk_125_clk_wiz_0
    BUFGCTRL_X0Y1        BUFG (Prop_bufg_I_O)         0.026     0.000 r  clk_gen/inst/clkout2_buf/O
                         net (fo=8, routed)           0.580     0.580    hdmi_tx/inst/serial_r/pix_clkx5
    OLOGIC_X0Y24         OSERDESE2                                    r  hdmi_tx/inst/serial_r/oserdes_m/CLK
  -------------------------------------------------------------------    -------------------
    OLOGIC_X0Y24         OSERDESE2 (Prop_oserdese2_CLK_OQ)
                                                      0.177     0.757 r  hdmi_tx/inst/serial_r/oserdes_m/OQ
                         net (fo=1, routed)           0.001     0.758    hdmi_tx/inst/TMDSINT_2
    R14                  OBUFDS (Prop_obufds_I_O)     0.774     1.532 r  hdmi_tx/inst/OBUFDS_R/O
                         net (fo=0)                   0.000     1.532    hdmi_tmds_data_p[2]
    R14                                                               r  hdmi_tmds_data_p[2] (OUT)
  -------------------------------------------------------------------    -------------------

Slack:                    inf
  Source:                 hdmi_tx/inst/serial_r/oserdes_m/CLK
                            (rising edge-triggered cell OSERDESE2 clocked by clk_125_clk_wiz_0  {rise@0.000ns fall@4.000ns period=8.000ns})
  Destination:            hdmi_tmds_data_n[2]
                            (output port)
  Path Group:             (none)
  Path Type:              Min at Fast Process Corner
  Data Path Delay:        0.953ns  (logic 0.952ns (99.895%)  route 0.001ns (0.105%))
  Logic Levels:           1  (OBUFDS=1)
  Clock Uncertainty:      0.166ns  ((TSJ^2 + DJ^2)^1/2) / 2 + PE
    Total System Jitter     (TSJ):    0.050ns
    Discrete Jitter          (DJ):    0.125ns
    Phase Error              (PE):    0.099ns

    Location             Delay type                Incr(ns)  Path(ns)    Netlist Resource(s)
  -------------------------------------------------------------------    -------------------
                         (clock clk_125_clk_wiz_0 rise edge)
                                                      0.000     0.000 r  
    BUFGCTRL_X0Y2        BUFG                         0.000     0.000 r  CLK_100MHZ_IBUF_BUFG_inst/O
                         net (fo=452, routed)         0.549     0.549    clk_gen/inst/clk_in1
    MMCME2_ADV_X1Y0      MMCME2_ADV (Prop_mmcme2_adv_CLKIN1_CLKOUT1)
                                                     -1.061    -0.512 r  clk_gen/inst/mmcm_adv_inst/CLKOUT1
                         net (fo=1, routed)           0.486    -0.026    clk_gen/inst/clk_125_clk_wiz_0
    BUFGCTRL_X0Y1        BUFG (Prop_bufg_I_O)         0.026     0.000 r  clk_gen/inst/clkout2_buf/O
                         net (fo=8, routed)           0.580     0.580    hdmi_tx/inst/serial_r/pix_clkx5
    OLOGIC_X0Y24         OSERDESE2                                    r  hdmi_tx/inst/serial_r/oserdes_m/CLK
  -------------------------------------------------------------------    -------------------
    OLOGIC_X0Y24         OSERDESE2 (Prop_oserdese2_CLK_OQ)
                                                      0.177     0.757 r  hdmi_tx/inst/serial_r/oserdes_m/OQ
                         net (fo=1, routed)           0.001     0.758    hdmi_tx/inst/TMDSINT_2
    R14                  OBUFDS (Prop_obufds_I_OB)    0.775     1.533 r  hdmi_tx/inst/OBUFDS_R/OB
                         net (fo=0)                   0.000     1.533    hdmi_tmds_data_n[2]
    T14                                                               r  hdmi_tmds_data_n[2] (OUT)
  -------------------------------------------------------------------    -------------------

Slack:                    inf
  Source:                 hdmi_tx/inst/serial_b/oserdes_m/CLK
                            (rising edge-triggered cell OSERDESE2 clocked by clk_125_clk_wiz_0  {rise@0.000ns fall@4.000ns period=8.000ns})
  Destination:            hdmi_tmds_data_p[0]
                            (output port)
  Path Group:             (none)
  Path Type:              Min at Fast Process Corner
  Data Path Delay:        0.963ns  (logic 0.962ns (99.896%)  route 0.001ns (0.104%))
  Logic Levels:           1  (OBUFDS=1)
  Clock Uncertainty:      0.166ns  ((TSJ^2 + DJ^2)^1/2) / 2 + PE
    Total System Jitter     (TSJ):    0.050ns
    Discrete Jitter          (DJ):    0.125ns
    Phase Error              (PE):    0.099ns

    Location             Delay type                Incr(ns)  Path(ns)    Netlist Resource(s)
  -------------------------------------------------------------------    -------------------
                         (clock clk_125_clk_wiz_0 rise edge)
                                                      0.000     0.000 r  
    BUFGCTRL_X0Y2        BUFG                         0.000     0.000 r  CLK_100MHZ_IBUF_BUFG_inst/O
                         net (fo=452, routed)         0.549     0.549    clk_gen/inst/clk_in1
    MMCME2_ADV_X1Y0      MMCME2_ADV (Prop_mmcme2_adv_CLKIN1_CLKOUT1)
                                                     -1.061    -0.512 r  clk_gen/inst/mmcm_adv_inst/CLKOUT1
                         net (fo=1, routed)           0.486    -0.026    clk_gen/inst/clk_125_clk_wiz_0
    BUFGCTRL_X0Y1        BUFG (Prop_bufg_I_O)         0.026     0.000 r  clk_gen/inst/clkout2_buf/O
                         net (fo=8, routed)           0.582     0.582    hdmi_tx/inst/serial_b/pix_clkx5
    OLOGIC_X0Y20         OSERDESE2                                    r  hdmi_tx/inst/serial_b/oserdes_m/CLK
  -------------------------------------------------------------------    -------------------
    OLOGIC_X0Y20         OSERDESE2 (Prop_oserdese2_CLK_OQ)
                                                      0.177     0.759 r  hdmi_tx/inst/serial_b/oserdes_m/OQ
                         net (fo=1, routed)           0.001     0.760    hdmi_tx/inst/TMDSINT_0
    U17                  OBUFDS (Prop_obufds_I_O)     0.785     1.545 r  hdmi_tx/inst/OBUFDS_B/O
                         net (fo=0)                   0.000     1.545    hdmi_tmds_data_p[0]
    U17                                                               r  hdmi_tmds_data_p[0] (OUT)
  -------------------------------------------------------------------    -------------------

Slack:                    inf
  Source:                 hdmi_tx/inst/serial_g/oserdes_m/CLK
                            (rising edge-triggered cell OSERDESE2 clocked by clk_125_clk_wiz_0  {rise@0.000ns fall@4.000ns period=8.000ns})
  Destination:            hdmi_tmds_data_p[1]
                            (output port)
  Path Group:             (none)
  Path Type:              Min at Fast Process Corner
  Data Path Delay:        0.965ns  (logic 0.964ns (99.896%)  route 0.001ns (0.104%))
  Logic Levels:           1  (OBUFDS=1)
  Clock Uncertainty:      0.166ns  ((TSJ^2 + DJ^2)^1/2) / 2 + PE
    Total System Jitter     (TSJ):    0.050ns
    Discrete Jitter          (DJ):    0.125ns
    Phase Error              (PE):    0.099ns

    Location             Delay type                Incr(ns)  Path(ns)    Netlist Resource(s)
  -------------------------------------------------------------------    -------------------
                         (clock clk_125_clk_wiz_0 rise edge)
                                                      0.000     0.000 r  
    BUFGCTRL_X0Y2        BUFG                         0.000     0.000 r  CLK_100MHZ_IBUF_BUFG_inst/O
                         net (fo=452, routed)         0.549     0.549    clk_gen/inst/clk_in1
    MMCME2_ADV_X1Y0      MMCME2_ADV (Prop_mmcme2_adv_CLKIN1_CLKOUT1)
                                                     -1.061    -0.512 r  clk_gen/inst/mmcm_adv_inst/CLKOUT1
                         net (fo=1, routed)           0.486    -0.026    clk_gen/inst/clk_125_clk_wiz_0
    BUFGCTRL_X0Y1        BUFG (Prop_bufg_I_O)         0.026     0.000 r  clk_gen/inst/clkout2_buf/O
                         net (fo=8, routed)           0.581     0.581    hdmi_tx/inst/serial_g/pix_clkx5
    OLOGIC_X0Y22         OSERDESE2                                    r  hdmi_tx/inst/serial_g/oserdes_m/CLK
  -------------------------------------------------------------------    -------------------
    OLOGIC_X0Y22         OSERDESE2 (Prop_oserdese2_CLK_OQ)
                                                      0.177     0.758 r  hdmi_tx/inst/serial_g/oserdes_m/OQ
                         net (fo=1, routed)           0.001     0.759    hdmi_tx/inst/TMDSINT_1
    R16                  OBUFDS (Prop_obufds_I_O)     0.787     1.545 r  hdmi_tx/inst/OBUFDS_G/O
                         net (fo=0)                   0.000     1.545    hdmi_tmds_data_p[1]
    R16                                                               r  hdmi_tmds_data_p[1] (OUT)
  -------------------------------------------------------------------    -------------------

Slack:                    inf
  Source:                 hdmi_tx/inst/serial_b/oserdes_m/CLK
                            (rising edge-triggered cell OSERDESE2 clocked by clk_125_clk_wiz_0  {rise@0.000ns fall@4.000ns period=8.000ns})
  Destination:            hdmi_tmds_data_n[0]
                            (output port)
  Path Group:             (none)
  Path Type:              Min at Fast Process Corner
  Data Path Delay:        0.964ns  (logic 0.963ns (99.896%)  route 0.001ns (0.104%))
  Logic Levels:           1  (OBUFDS=1)
  Clock Uncertainty:      0.166ns  ((TSJ^2 + DJ^2)^1/2) / 2 + PE
    Total System Jitter     (TSJ):    0.050ns
    Discrete Jitter          (DJ):    0.125ns
    Phase Error              (PE):    0.099ns

    Location             Delay type                Incr(ns)  Path(ns)    Netlist Resource(s)
  -------------------------------------------------------------------    -------------------
                         (clock clk_125_clk_wiz_0 rise edge)
                                                      0.000     0.000 r  
    BUFGCTRL_X0Y2        BUFG                         0.000     0.000 r  CLK_100MHZ_IBUF_BUFG_inst/O
                         net (fo=452, routed)         0.549     0.549    clk_gen/inst/clk_in1
    MMCME2_ADV_X1Y0      MMCME2_ADV (Prop_mmcme2_adv_CLKIN1_CLKOUT1)
                                                     -1.061    -0.512 r  clk_gen/inst/mmcm_adv_inst/CLKOUT1
                         net (fo=1, routed)           0.486    -0.026    clk_gen/inst/clk_125_clk_wiz_0
    BUFGCTRL_X0Y1        BUFG (Prop_bufg_I_O)         0.026     0.000 r  clk_gen/inst/clkout2_buf/O
                         net (fo=8, routed)           0.582     0.582    hdmi_tx/inst/serial_b/pix_clkx5
    OLOGIC_X0Y20         OSERDESE2                                    r  hdmi_tx/inst/serial_b/oserdes_m/CLK
  -------------------------------------------------------------------    -------------------
    OLOGIC_X0Y20         OSERDESE2 (Prop_oserdese2_CLK_OQ)
                                                      0.177     0.759 r  hdmi_tx/inst/serial_b/oserdes_m/OQ
                         net (fo=1, routed)           0.001     0.760    hdmi_tx/inst/TMDSINT_0
    U17                  OBUFDS (Prop_obufds_I_OB)    0.786     1.546 r  hdmi_tx/inst/OBUFDS_B/OB
                         net (fo=0)                   0.000     1.546    hdmi_tmds_data_n[0]
    U18                                                               r  hdmi_tmds_data_n[0] (OUT)
  -------------------------------------------------------------------    -------------------

Slack:                    inf
  Source:                 hdmi_tx/inst/serial_g/oserdes_m/CLK
                            (rising edge-triggered cell OSERDESE2 clocked by clk_125_clk_wiz_0  {rise@0.000ns fall@4.000ns period=8.000ns})
  Destination:            hdmi_tmds_data_n[1]
                            (output port)
  Path Group:             (none)
  Path Type:              Min at Fast Process Corner
  Data Path Delay:        0.966ns  (logic 0.965ns (99.896%)  route 0.001ns (0.104%))
  Logic Levels:           1  (OBUFDS=1)
  Clock Uncertainty:      0.166ns  ((TSJ^2 + DJ^2)^1/2) / 2 + PE
    Total System Jitter     (TSJ):    0.050ns
    Discrete Jitter          (DJ):    0.125ns
    Phase Error              (PE):    0.099ns

    Location             Delay type                Incr(ns)  Path(ns)    Netlist Resource(s)
  -------------------------------------------------------------------    -------------------
                         (clock clk_125_clk_wiz_0 rise edge)
                                                      0.000     0.000 r  
    BUFGCTRL_X0Y2        BUFG                         0.000     0.000 r  CLK_100MHZ_IBUF_BUFG_inst/O
                         net (fo=452, routed)         0.549     0.549    clk_gen/inst/clk_in1
    MMCME2_ADV_X1Y0      MMCME2_ADV (Prop_mmcme2_adv_CLKIN1_CLKOUT1)
                                                     -1.061    -0.512 r  clk_gen/inst/mmcm_adv_inst/CLKOUT1
                         net (fo=1, routed)           0.486    -0.026    clk_gen/inst/clk_125_clk_wiz_0
    BUFGCTRL_X0Y1        BUFG (Prop_bufg_I_O)         0.026     0.000 r  clk_gen/inst/clkout2_buf/O
                         net (fo=8, routed)           0.581     0.581    hdmi_tx/inst/serial_g/pix_clkx5
    OLOGIC_X0Y22         OSERDESE2                                    r  hdmi_tx/inst/serial_g/oserdes_m/CLK
  -------------------------------------------------------------------    -------------------
    OLOGIC_X0Y22         OSERDESE2 (Prop_oserdese2_CLK_OQ)
                                                      0.177     0.758 r  hdmi_tx/inst/serial_g/oserdes_m/OQ
                         net (fo=1, routed)           0.001     0.759    hdmi_tx/inst/TMDSINT_1
    R16                  OBUFDS (Prop_obufds_I_OB)    0.788     1.546 r  hdmi_tx/inst/OBUFDS_G/OB
                         net (fo=0)                   0.000     1.546    hdmi_tmds_data_n[1]
    R17                                                               r  hdmi_tmds_data_n[1] (OUT)
  -------------------------------------------------------------------    -------------------

Slack:                    inf
  Source:                 hdmi_tx/inst/serial_clk/oserdes_m/CLK
                            (rising edge-triggered cell OSERDESE2 clocked by clk_125_clk_wiz_0  {rise@0.000ns fall@4.000ns period=8.000ns})
  Destination:            hdmi_tmds_clk_p
                            (output port)
  Path Group:             (none)
  Path Type:              Min at Fast Process Corner
  Data Path Delay:        0.964ns  (logic 0.963ns (99.896%)  route 0.001ns (0.104%))
  Logic Levels:           1  (OBUFDS=1)
  Clock Uncertainty:      0.166ns  ((TSJ^2 + DJ^2)^1/2) / 2 + PE
    Total System Jitter     (TSJ):    0.050ns
    Discrete Jitter          (DJ):    0.125ns
    Phase Error              (PE):    0.099ns

    Location             Delay type                Incr(ns)  Path(ns)    Netlist Resource(s)
  -------------------------------------------------------------------    -------------------
                         (clock clk_125_clk_wiz_0 rise edge)
                                                      0.000     0.000 r  
    BUFGCTRL_X0Y2        BUFG                         0.000     0.000 r  CLK_100MHZ_IBUF_BUFG_inst/O
                         net (fo=452, routed)         0.549     0.549    clk_gen/inst/clk_in1
    MMCME2_ADV_X1Y0      MMCME2_ADV (Prop_mmcme2_adv_CLKIN1_CLKOUT1)
                                                     -1.061    -0.512 r  clk_gen/inst/mmcm_adv_inst/CLKOUT1
                         net (fo=1, routed)           0.486    -0.026    clk_gen/inst/clk_125_clk_wiz_0
    BUFGCTRL_X0Y1        BUFG (Prop_bufg_I_O)         0.026     0.000 r  clk_gen/inst/clkout2_buf/O
                         net (fo=8, routed)           0.584     0.584    hdmi_tx/inst/serial_clk/pix_clkx5
    OLOGIC_X0Y18         OSERDESE2                                    r  hdmi_tx/inst/serial_clk/oserdes_m/CLK
  -------------------------------------------------------------------    -------------------
    OLOGIC_X0Y18         OSERDESE2 (Prop_oserdese2_CLK_OQ)
                                                      0.177     0.761 r  hdmi_tx/inst/serial_clk/oserdes_m/OQ
                         net (fo=1, routed)           0.001     0.762    hdmi_tx/inst/tmdsclk
    U16                  OBUFDS (Prop_obufds_I_O)     0.786     1.548 r  hdmi_tx/inst/OBUFDS_CLK/O
                         net (fo=0)                   0.000     1.548    hdmi_tmds_clk_p
    U16                                                               r  hdmi_tmds_clk_p (OUT)
  -------------------------------------------------------------------    -------------------

Slack:                    inf
  Source:                 hdmi_tx/inst/serial_clk/oserdes_m/CLK
                            (rising edge-triggered cell OSERDESE2 clocked by clk_125_clk_wiz_0  {rise@0.000ns fall@4.000ns period=8.000ns})
  Destination:            hdmi_tmds_clk_n
                            (output port)
  Path Group:             (none)
  Path Type:              Min at Fast Process Corner
  Data Path Delay:        0.965ns  (logic 0.964ns (99.896%)  route 0.001ns (0.104%))
  Logic Levels:           1  (OBUFDS=1)
  Clock Uncertainty:      0.166ns  ((TSJ^2 + DJ^2)^1/2) / 2 + PE
    Total System Jitter     (TSJ):    0.050ns
    Discrete Jitter          (DJ):    0.125ns
    Phase Error              (PE):    0.099ns

    Location             Delay type                Incr(ns)  Path(ns)    Netlist Resource(s)
  -------------------------------------------------------------------    -------------------
                         (clock clk_125_clk_wiz_0 rise edge)
                                                      0.000     0.000 r  
    BUFGCTRL_X0Y2        BUFG                         0.000     0.000 r  CLK_100MHZ_IBUF_BUFG_inst/O
                         net (fo=452, routed)         0.549     0.549    clk_gen/inst/clk_in1
    MMCME2_ADV_X1Y0      MMCME2_ADV (Prop_mmcme2_adv_CLKIN1_CLKOUT1)
                                                     -1.061    -0.512 r  clk_gen/inst/mmcm_adv_inst/CLKOUT1
                         net (fo=1, routed)           0.486    -0.026    clk_gen/inst/clk_125_clk_wiz_0
    BUFGCTRL_X0Y1        BUFG (Prop_bufg_I_O)         0.026     0.000 r  clk_gen/inst/clkout2_buf/O
                         net (fo=8, routed)           0.584     0.584    hdmi_tx/inst/serial_clk/pix_clkx5
    OLOGIC_X0Y18         OSERDESE2                                    r  hdmi_tx/inst/serial_clk/oserdes_m/CLK
  -------------------------------------------------------------------    -------------------
    OLOGIC_X0Y18         OSERDESE2 (Prop_oserdese2_CLK_OQ)
                                                      0.177     0.761 r  hdmi_tx/inst/serial_clk/oserdes_m/OQ
                         net (fo=1, routed)           0.001     0.762    hdmi_tx/inst/tmdsclk
    U16                  OBUFDS (Prop_obufds_I_OB)    0.787     1.549 r  hdmi_tx/inst/OBUFDS_CLK/OB
                         net (fo=0)                   0.000     1.549    hdmi_tmds_clk_n
    V17                                                               r  hdmi_tmds_clk_n (OUT)
  -------------------------------------------------------------------    -------------------





--------------------------------------------------------------------------------------
Path Group:  (none)
From Clock:  clkfbout_clk_wiz_0
  To Clock:  

Max Delay             1 Endpoint
Min Delay             1 Endpoint
--------------------------------------------------------------------------------------


Max Delay Paths
--------------------------------------------------------------------------------------
Slack:                    inf
  Source:                 clk_gen/inst/mmcm_adv_inst/CLKFBOUT
                            (clock source 'clkfbout_clk_wiz_0'  {rise@0.000ns fall@5.000ns period=10.000ns})
  Destination:            clk_gen/inst/mmcm_adv_inst/CLKFBIN
  Path Group:             (none)
  Path Type:              Max at Slow Process Corner
  Data Path Delay:        3.333ns  (logic 0.096ns (2.880%)  route 3.237ns (97.120%))
  Logic Levels:           1  (BUFG=1)
  Clock Uncertainty:      0.148ns  ((TSJ^2 + DJ^2)^1/2) / 2 + PE
    Total System Jitter     (TSJ):    0.050ns
    Discrete Jitter          (DJ):    0.086ns
    Phase Error              (PE):    0.099ns

    Location             Delay type                Incr(ns)  Path(ns)    Netlist Resource(s)
  -------------------------------------------------------------------    -------------------
                         (clock clkfbout_clk_wiz_0 fall edge)
                                                      5.000     5.000 f  
    BUFGCTRL_X0Y2        BUFG                         0.000     5.000 f  CLK_100MHZ_IBUF_BUFG_inst/O
                         net (fo=452, routed)         1.575     6.575    clk_gen/inst/clk_in1
  -------------------------------------------------------------------    -------------------
    MMCME2_ADV_X1Y0      MMCME2_ADV (Prop_mmcme2_adv_CLKIN1_CLKFBOUT)
                                                     -3.333     3.243 f  clk_gen/inst/mmcm_adv_inst/CLKFBOUT
                         net (fo=1, routed)           1.661     4.904    clk_gen/inst/clkfbout_clk_wiz_0
    BUFGCTRL_X0Y3        BUFG (Prop_bufg_I_O)         0.096     5.000 f  clk_gen/inst/clkf_buf/O
                         net (fo=1, routed)           1.575     6.575    clk_gen/inst/clkfbout_buf_clk_wiz_0
    MMCME2_ADV_X1Y0      MMCME2_ADV                                   f  clk_gen/inst/mmcm_adv_inst/CLKFBIN
  -------------------------------------------------------------------    -------------------





Min Delay Paths
--------------------------------------------------------------------------------------
Slack:                    inf
  Source:                 clk_gen/inst/mmcm_adv_inst/CLKFBOUT
                            (clock source 'clkfbout_clk_wiz_0'  {rise@0.000ns fall@5.000ns period=10.000ns})
  Destination:            clk_gen/inst/mmcm_adv_inst/CLKFBIN
  Path Group:             (none)
  Path Type:              Min at Fast Process Corner
  Data Path Delay:        1.061ns  (logic 0.026ns (2.452%)  route 1.035ns (97.548%))
  Logic Levels:           1  (BUFG=1)
  Clock Uncertainty:      0.148ns  ((TSJ^2 + DJ^2)^1/2) / 2 + PE
    Total System Jitter     (TSJ):    0.050ns
    Discrete Jitter          (DJ):    0.086ns
    Phase Error              (PE):    0.099ns

    Location             Delay type                Incr(ns)  Path(ns)    Netlist Resource(s)
  -------------------------------------------------------------------    -------------------
                         (clock clkfbout_clk_wiz_0 rise edge)
                                                      0.000     0.000 r  
    BUFGCTRL_X0Y2        BUFG                         0.000     0.000 r  CLK_100MHZ_IBUF_BUFG_inst/O
                         net (fo=452, routed)         0.549     0.549    clk_gen/inst/clk_in1
  -------------------------------------------------------------------    -------------------
    MMCME2_ADV_X1Y0      MMCME2_ADV (Prop_mmcme2_adv_CLKIN1_CLKFBOUT)
                                                     -1.061    -0.512 r  clk_gen/inst/mmcm_adv_inst/CLKFBOUT
                         net (fo=1, routed)           0.486    -0.026    clk_gen/inst/clkfbout_clk_wiz_0
    BUFGCTRL_X0Y3        BUFG (Prop_bufg_I_O)         0.026     0.000 r  clk_gen/inst/clkf_buf/O
                         net (fo=1, routed)           0.549     0.549    clk_gen/inst/clkfbout_buf_clk_wiz_0
    MMCME2_ADV_X1Y0      MMCME2_ADV                                   r  clk_gen/inst/mmcm_adv_inst/CLKFBIN
  -------------------------------------------------------------------    -------------------





--------------------------------------------------------------------------------------
Path Group:  (none)
From Clock:  
  To Clock:  clk_25_clk_wiz_0

Max Delay            72 Endpoints
Min Delay            72 Endpoints
--------------------------------------------------------------------------------------


Max Delay Paths
--------------------------------------------------------------------------------------
Slack:                    inf
  Source:                 clk_gen/inst/mmcm_adv_inst/LOCKED
                            (internal pin)
  Destination:            hdmi_tx/inst/serial_clk/oserdes_s/RST
                            (rising edge-triggered cell OSERDESE2 clocked by clk_25_clk_wiz_0  {rise@0.000ns fall@20.000ns period=40.000ns})
  Path Group:             (none)
  Path Type:              Setup (Max at Slow Process Corner)
  Data Path Delay:        6.922ns  (logic 0.124ns (1.791%)  route 6.798ns (98.209%))
  Logic Levels:           1  (LUT1=1)
  Clock Uncertainty:      0.190ns  ((TSJ^2 + DJ^2)^1/2) / 2 + PE
    Total System Jitter     (TSJ):    0.050ns
    Discrete Jitter          (DJ):    0.175ns
    Phase Error              (PE):    0.099ns

    Location             Delay type                Incr(ns)  Path(ns)    Netlist Resource(s)
  -------------------------------------------------------------------    -------------------
    MMCME2_ADV_X1Y0      MMCME2_ADV                   0.000     0.000 f  clk_gen/inst/mmcm_adv_inst/LOCKED
                         net (fo=237, routed)         4.729     4.729    hdmi_tx/inst/encr/pix_clk_locked
    SLICE_X4Y18          LUT1 (Prop_lut1_I0_O)        0.124     4.853 r  hdmi_tx/inst/encr/oserdes_m_i_1/O
                         net (fo=50, routed)          2.069     6.922    hdmi_tx/inst/serial_clk/AR[0]
    OLOGIC_X0Y17         OSERDESE2                                    r  hdmi_tx/inst/serial_clk/oserdes_s/RST
  -------------------------------------------------------------------    -------------------

                         (clock clk_25_clk_wiz_0 rise edge)
                                                      0.000     0.000 r  
    BUFGCTRL_X0Y2        BUFG                         0.000     0.000 r  CLK_100MHZ_IBUF_BUFG_inst/O
                         net (fo=452, routed)         1.457     1.457    clk_gen/inst/clk_in1
    MMCME2_ADV_X1Y0      MMCME2_ADV (Prop_mmcme2_adv_CLKIN1_CLKOUT0)
                                                     -3.129    -1.672 r  clk_gen/inst/mmcm_adv_inst/CLKOUT0
                         net (fo=1, routed)           1.581    -0.091    clk_gen/inst/clk_25_clk_wiz_0
    BUFGCTRL_X0Y0        BUFG (Prop_bufg_I_O)         0.091     0.000 r  clk_gen/inst/clkout1_buf/O
                         net (fo=200, routed)         1.527     1.527    hdmi_tx/inst/serial_clk/pix_clk
    OLOGIC_X0Y17         OSERDESE2                                    r  hdmi_tx/inst/serial_clk/oserdes_s/CLKDIV

Slack:                    inf
  Source:                 clk_gen/inst/mmcm_adv_inst/LOCKED
                            (internal pin)
  Destination:            hdmi_tx/inst/serial_clk/oserdes_m/RST
                            (rising edge-triggered cell OSERDESE2 clocked by clk_25_clk_wiz_0  {rise@0.000ns fall@20.000ns period=40.000ns})
  Path Group:             (none)
  Path Type:              Setup (Max at Slow Process Corner)
  Data Path Delay:        6.873ns  (logic 0.124ns (1.804%)  route 6.749ns (98.196%))
  Logic Levels:           1  (LUT1=1)
  Clock Uncertainty:      0.190ns  ((TSJ^2 + DJ^2)^1/2) / 2 + PE
    Total System Jitter     (TSJ):    0.050ns
    Discrete Jitter          (DJ):    0.175ns
    Phase Error              (PE):    0.099ns

    Location             Delay type                Incr(ns)  Path(ns)    Netlist Resource(s)
  -------------------------------------------------------------------    -------------------
    MMCME2_ADV_X1Y0      MMCME2_ADV                   0.000     0.000 f  clk_gen/inst/mmcm_adv_inst/LOCKED
                         net (fo=237, routed)         4.729     4.729    hdmi_tx/inst/encr/pix_clk_locked
    SLICE_X4Y18          LUT1 (Prop_lut1_I0_O)        0.124     4.853 r  hdmi_tx/inst/encr/oserdes_m_i_1/O
                         net (fo=50, routed)          2.020     6.873    hdmi_tx/inst/serial_clk/AR[0]
    OLOGIC_X0Y18         OSERDESE2                                    r  hdmi_tx/inst/serial_clk/oserdes_m/RST
  -------------------------------------------------------------------    -------------------

                         (clock clk_25_clk_wiz_0 rise edge)
                                                      0.000     0.000 r  
    BUFGCTRL_X0Y2        BUFG                         0.000     0.000 r  CLK_100MHZ_IBUF_BUFG_inst/O
                         net (fo=452, routed)         1.457     1.457    clk_gen/inst/clk_in1
    MMCME2_ADV_X1Y0      MMCME2_ADV (Prop_mmcme2_adv_CLKIN1_CLKOUT0)
                                                     -3.129    -1.672 r  clk_gen/inst/mmcm_adv_inst/CLKOUT0
                         net (fo=1, routed)           1.581    -0.091    clk_gen/inst/clk_25_clk_wiz_0
    BUFGCTRL_X0Y0        BUFG (Prop_bufg_I_O)         0.091     0.000 r  clk_gen/inst/clkout1_buf/O
                         net (fo=200, routed)         1.527     1.527    hdmi_tx/inst/serial_clk/pix_clk
    OLOGIC_X0Y18         OSERDESE2                                    r  hdmi_tx/inst/serial_clk/oserdes_m/CLKDIV

Slack:                    inf
  Source:                 clk_gen/inst/mmcm_adv_inst/LOCKED
                            (internal pin)
  Destination:            hdmi_tx/inst/encr/cnt_reg[3]/CLR
                            (recovery check against rising-edge clock clk_25_clk_wiz_0  {rise@0.000ns fall@20.000ns period=40.000ns})
  Path Group:             (none)
  Path Type:              Recovery (Max at Slow Process Corner)
  Data Path Delay:        6.793ns  (logic 0.124ns (1.825%)  route 6.669ns (98.175%))
  Logic Levels:           1  (LUT1=1)
  Clock Uncertainty:      0.190ns  ((TSJ^2 + DJ^2)^1/2) / 2 + PE
    Total System Jitter     (TSJ):    0.050ns
    Discrete Jitter          (DJ):    0.175ns
    Phase Error              (PE):    0.099ns

    Location             Delay type                Incr(ns)  Path(ns)    Netlist Resource(s)
  -------------------------------------------------------------------    -------------------
    MMCME2_ADV_X1Y0      MMCME2_ADV                   0.000     0.000 r  clk_gen/inst/mmcm_adv_inst/LOCKED
                         net (fo=237, routed)         4.729     4.729    hdmi_tx/inst/encr/pix_clk_locked
    SLICE_X4Y18          LUT1 (Prop_lut1_I0_O)        0.124     4.853 f  hdmi_tx/inst/encr/oserdes_m_i_1/O
                         net (fo=50, routed)          1.940     6.793    hdmi_tx/inst/encr/AR[0]
    SLICE_X3Y25          FDCE                                         f  hdmi_tx/inst/encr/cnt_reg[3]/CLR
  -------------------------------------------------------------------    -------------------

                         (clock clk_25_clk_wiz_0 rise edge)
                                                      0.000     0.000 r  
    BUFGCTRL_X0Y2        BUFG                         0.000     0.000 r  CLK_100MHZ_IBUF_BUFG_inst/O
                         net (fo=452, routed)         1.457     1.457    clk_gen/inst/clk_in1
    MMCME2_ADV_X1Y0      MMCME2_ADV (Prop_mmcme2_adv_CLKIN1_CLKOUT0)
                                                     -3.129    -1.672 r  clk_gen/inst/mmcm_adv_inst/CLKOUT0
                         net (fo=1, routed)           1.581    -0.091    clk_gen/inst/clk_25_clk_wiz_0
    BUFGCTRL_X0Y0        BUFG (Prop_bufg_I_O)         0.091     0.000 r  clk_gen/inst/clkout1_buf/O
                         net (fo=200, routed)         1.502     1.502    hdmi_tx/inst/encr/pix_clk
    SLICE_X3Y25          FDCE                                         r  hdmi_tx/inst/encr/cnt_reg[3]/C

Slack:                    inf
  Source:                 clk_gen/inst/mmcm_adv_inst/LOCKED
                            (internal pin)
  Destination:            hdmi_tx/inst/serial_r/oserdes_m/RST
                            (rising edge-triggered cell OSERDESE2 clocked by clk_25_clk_wiz_0  {rise@0.000ns fall@20.000ns period=40.000ns})
  Path Group:             (none)
  Path Type:              Setup (Max at Slow Process Corner)
  Data Path Delay:        6.698ns  (logic 0.124ns (1.851%)  route 6.574ns (98.149%))
  Logic Levels:           1  (LUT1=1)
  Clock Uncertainty:      0.190ns  ((TSJ^2 + DJ^2)^1/2) / 2 + PE
    Total System Jitter     (TSJ):    0.050ns
    Discrete Jitter          (DJ):    0.175ns
    Phase Error              (PE):    0.099ns

    Location             Delay type                Incr(ns)  Path(ns)    Netlist Resource(s)
  -------------------------------------------------------------------    -------------------
    MMCME2_ADV_X1Y0      MMCME2_ADV                   0.000     0.000 f  clk_gen/inst/mmcm_adv_inst/LOCKED
                         net (fo=237, routed)         4.729     4.729    hdmi_tx/inst/encr/pix_clk_locked
    SLICE_X4Y18          LUT1 (Prop_lut1_I0_O)        0.124     4.853 r  hdmi_tx/inst/encr/oserdes_m_i_1/O
                         net (fo=50, routed)          1.845     6.698    hdmi_tx/inst/serial_r/AR[0]
    OLOGIC_X0Y24         OSERDESE2                                    r  hdmi_tx/inst/serial_r/oserdes_m/RST
  -------------------------------------------------------------------    -------------------

                         (clock clk_25_clk_wiz_0 rise edge)
                                                      0.000     0.000 r  
    BUFGCTRL_X0Y2        BUFG                         0.000     0.000 r  CLK_100MHZ_IBUF_BUFG_inst/O
                         net (fo=452, routed)         1.457     1.457    clk_gen/inst/clk_in1
    MMCME2_ADV_X1Y0      MMCME2_ADV (Prop_mmcme2_adv_CLKIN1_CLKOUT0)
                                                     -3.129    -1.672 r  clk_gen/inst/mmcm_adv_inst/CLKOUT0
                         net (fo=1, routed)           1.581    -0.091    clk_gen/inst/clk_25_clk_wiz_0
    BUFGCTRL_X0Y0        BUFG (Prop_bufg_I_O)         0.091     0.000 r  clk_gen/inst/clkout1_buf/O
                         net (fo=200, routed)         1.520     1.520    hdmi_tx/inst/serial_r/pix_clk
    OLOGIC_X0Y24         OSERDESE2                                    r  hdmi_tx/inst/serial_r/oserdes_m/CLKDIV

Slack:                    inf
  Source:                 clk_gen/inst/mmcm_adv_inst/LOCKED
                            (internal pin)
  Destination:            hdmi_tx/inst/serial_b/oserdes_s/RST
                            (rising edge-triggered cell OSERDESE2 clocked by clk_25_clk_wiz_0  {rise@0.000ns fall@20.000ns period=40.000ns})
  Path Group:             (none)
  Path Type:              Setup (Max at Slow Process Corner)
  Data Path Delay:        6.584ns  (logic 0.124ns (1.883%)  route 6.460ns (98.117%))
  Logic Levels:           1  (LUT1=1)
  Clock Uncertainty:      0.190ns  ((TSJ^2 + DJ^2)^1/2) / 2 + PE
    Total System Jitter     (TSJ):    0.050ns
    Discrete Jitter          (DJ):    0.175ns
    Phase Error              (PE):    0.099ns

    Location             Delay type                Incr(ns)  Path(ns)    Netlist Resource(s)
  -------------------------------------------------------------------    -------------------
    MMCME2_ADV_X1Y0      MMCME2_ADV                   0.000     0.000 f  clk_gen/inst/mmcm_adv_inst/LOCKED
                         net (fo=237, routed)         4.729     4.729    hdmi_tx/inst/encr/pix_clk_locked
    SLICE_X4Y18          LUT1 (Prop_lut1_I0_O)        0.124     4.853 r  hdmi_tx/inst/encr/oserdes_m_i_1/O
                         net (fo=50, routed)          1.731     6.584    hdmi_tx/inst/serial_b/AR[0]
    OLOGIC_X0Y19         OSERDESE2                                    r  hdmi_tx/inst/serial_b/oserdes_s/RST
  -------------------------------------------------------------------    -------------------

                         (clock clk_25_clk_wiz_0 rise edge)
                                                      0.000     0.000 r  
    BUFGCTRL_X0Y2        BUFG                         0.000     0.000 r  CLK_100MHZ_IBUF_BUFG_inst/O
                         net (fo=452, routed)         1.457     1.457    clk_gen/inst/clk_in1
    MMCME2_ADV_X1Y0      MMCME2_ADV (Prop_mmcme2_adv_CLKIN1_CLKOUT0)
                                                     -3.129    -1.672 r  clk_gen/inst/mmcm_adv_inst/CLKOUT0
                         net (fo=1, routed)           1.581    -0.091    clk_gen/inst/clk_25_clk_wiz_0
    BUFGCTRL_X0Y0        BUFG (Prop_bufg_I_O)         0.091     0.000 r  clk_gen/inst/clkout1_buf/O
                         net (fo=200, routed)         1.523     1.523    hdmi_tx/inst/serial_b/pix_clk
    OLOGIC_X0Y19         OSERDESE2                                    r  hdmi_tx/inst/serial_b/oserdes_s/CLKDIV

Slack:                    inf
  Source:                 clk_gen/inst/mmcm_adv_inst/LOCKED
                            (internal pin)
  Destination:            hdmi_tx/inst/serial_r/oserdes_s/RST
                            (rising edge-triggered cell OSERDESE2 clocked by clk_25_clk_wiz_0  {rise@0.000ns fall@20.000ns period=40.000ns})
  Path Group:             (none)
  Path Type:              Setup (Max at Slow Process Corner)
  Data Path Delay:        6.560ns  (logic 0.124ns (1.890%)  route 6.436ns (98.110%))
  Logic Levels:           1  (LUT1=1)
  Clock Uncertainty:      0.190ns  ((TSJ^2 + DJ^2)^1/2) / 2 + PE
    Total System Jitter     (TSJ):    0.050ns
    Discrete Jitter          (DJ):    0.175ns
    Phase Error              (PE):    0.099ns

    Location             Delay type                Incr(ns)  Path(ns)    Netlist Resource(s)
  -------------------------------------------------------------------    -------------------
    MMCME2_ADV_X1Y0      MMCME2_ADV                   0.000     0.000 f  clk_gen/inst/mmcm_adv_inst/LOCKED
                         net (fo=237, routed)         4.729     4.729    hdmi_tx/inst/encr/pix_clk_locked
    SLICE_X4Y18          LUT1 (Prop_lut1_I0_O)        0.124     4.853 r  hdmi_tx/inst/encr/oserdes_m_i_1/O
                         net (fo=50, routed)          1.707     6.560    hdmi_tx/inst/serial_r/AR[0]
    OLOGIC_X0Y23         OSERDESE2                                    r  hdmi_tx/inst/serial_r/oserdes_s/RST
  -------------------------------------------------------------------    -------------------

                         (clock clk_25_clk_wiz_0 rise edge)
                                                      0.000     0.000 r  
    BUFGCTRL_X0Y2        BUFG                         0.000     0.000 r  CLK_100MHZ_IBUF_BUFG_inst/O
                         net (fo=452, routed)         1.457     1.457    clk_gen/inst/clk_in1
    MMCME2_ADV_X1Y0      MMCME2_ADV (Prop_mmcme2_adv_CLKIN1_CLKOUT0)
                                                     -3.129    -1.672 r  clk_gen/inst/mmcm_adv_inst/CLKOUT0
                         net (fo=1, routed)           1.581    -0.091    clk_gen/inst/clk_25_clk_wiz_0
    BUFGCTRL_X0Y0        BUFG (Prop_bufg_I_O)         0.091     0.000 r  clk_gen/inst/clkout1_buf/O
                         net (fo=200, routed)         1.520     1.520    hdmi_tx/inst/serial_r/pix_clk
    OLOGIC_X0Y23         OSERDESE2                                    r  hdmi_tx/inst/serial_r/oserdes_s/CLKDIV

Slack:                    inf
  Source:                 clk_gen/inst/mmcm_adv_inst/LOCKED
                            (internal pin)
  Destination:            hdmi_tx/inst/encr/cnt_reg[4]/CLR
                            (recovery check against rising-edge clock clk_25_clk_wiz_0  {rise@0.000ns fall@20.000ns period=40.000ns})
  Path Group:             (none)
  Path Type:              Recovery (Max at Slow Process Corner)
  Data Path Delay:        6.456ns  (logic 0.124ns (1.921%)  route 6.332ns (98.079%))
  Logic Levels:           1  (LUT1=1)
  Clock Uncertainty:      0.190ns  ((TSJ^2 + DJ^2)^1/2) / 2 + PE
    Total System Jitter     (TSJ):    0.050ns
    Discrete Jitter          (DJ):    0.175ns
    Phase Error              (PE):    0.099ns

    Location             Delay type                Incr(ns)  Path(ns)    Netlist Resource(s)
  -------------------------------------------------------------------    -------------------
    MMCME2_ADV_X1Y0      MMCME2_ADV                   0.000     0.000 r  clk_gen/inst/mmcm_adv_inst/LOCKED
                         net (fo=237, routed)         4.729     4.729    hdmi_tx/inst/encr/pix_clk_locked
    SLICE_X4Y18          LUT1 (Prop_lut1_I0_O)        0.124     4.853 f  hdmi_tx/inst/encr/oserdes_m_i_1/O
                         net (fo=50, routed)          1.603     6.456    hdmi_tx/inst/encr/AR[0]
    SLICE_X3Y26          FDCE                                         f  hdmi_tx/inst/encr/cnt_reg[4]/CLR
  -------------------------------------------------------------------    -------------------

                         (clock clk_25_clk_wiz_0 rise edge)
                                                      0.000     0.000 r  
    BUFGCTRL_X0Y2        BUFG                         0.000     0.000 r  CLK_100MHZ_IBUF_BUFG_inst/O
                         net (fo=452, routed)         1.457     1.457    clk_gen/inst/clk_in1
    MMCME2_ADV_X1Y0      MMCME2_ADV (Prop_mmcme2_adv_CLKIN1_CLKOUT0)
                                                     -3.129    -1.672 r  clk_gen/inst/mmcm_adv_inst/CLKOUT0
                         net (fo=1, routed)           1.581    -0.091    clk_gen/inst/clk_25_clk_wiz_0
    BUFGCTRL_X0Y0        BUFG (Prop_bufg_I_O)         0.091     0.000 r  clk_gen/inst/clkout1_buf/O
                         net (fo=200, routed)         1.504     1.504    hdmi_tx/inst/encr/pix_clk
    SLICE_X3Y26          FDCE                                         r  hdmi_tx/inst/encr/cnt_reg[4]/C

Slack:                    inf
  Source:                 clk_gen/inst/mmcm_adv_inst/LOCKED
                            (internal pin)
  Destination:            hdmi_tx/inst/serial_b/oserdes_m/RST
                            (rising edge-triggered cell OSERDESE2 clocked by clk_25_clk_wiz_0  {rise@0.000ns fall@20.000ns period=40.000ns})
  Path Group:             (none)
  Path Type:              Setup (Max at Slow Process Corner)
  Data Path Delay:        6.427ns  (logic 0.124ns (1.929%)  route 6.303ns (98.071%))
  Logic Levels:           1  (LUT1=1)
  Clock Uncertainty:      0.190ns  ((TSJ^2 + DJ^2)^1/2) / 2 + PE
    Total System Jitter     (TSJ):    0.050ns
    Discrete Jitter          (DJ):    0.175ns
    Phase Error              (PE):    0.099ns

    Location             Delay type                Incr(ns)  Path(ns)    Netlist Resource(s)
  -------------------------------------------------------------------    -------------------
    MMCME2_ADV_X1Y0      MMCME2_ADV                   0.000     0.000 f  clk_gen/inst/mmcm_adv_inst/LOCKED
                         net (fo=237, routed)         4.729     4.729    hdmi_tx/inst/encr/pix_clk_locked
    SLICE_X4Y18          LUT1 (Prop_lut1_I0_O)        0.124     4.853 r  hdmi_tx/inst/encr/oserdes_m_i_1/O
                         net (fo=50, routed)          1.574     6.427    hdmi_tx/inst/serial_b/AR[0]
    OLOGIC_X0Y20         OSERDESE2                                    r  hdmi_tx/inst/serial_b/oserdes_m/RST
  -------------------------------------------------------------------    -------------------

                         (clock clk_25_clk_wiz_0 rise edge)
                                                      0.000     0.000 r  
    BUFGCTRL_X0Y2        BUFG                         0.000     0.000 r  CLK_100MHZ_IBUF_BUFG_inst/O
                         net (fo=452, routed)         1.457     1.457    clk_gen/inst/clk_in1
    MMCME2_ADV_X1Y0      MMCME2_ADV (Prop_mmcme2_adv_CLKIN1_CLKOUT0)
                                                     -3.129    -1.672 r  clk_gen/inst/mmcm_adv_inst/CLKOUT0
                         net (fo=1, routed)           1.581    -0.091    clk_gen/inst/clk_25_clk_wiz_0
    BUFGCTRL_X0Y0        BUFG (Prop_bufg_I_O)         0.091     0.000 r  clk_gen/inst/clkout1_buf/O
                         net (fo=200, routed)         1.523     1.523    hdmi_tx/inst/serial_b/pix_clk
    OLOGIC_X0Y20         OSERDESE2                                    r  hdmi_tx/inst/serial_b/oserdes_m/CLKDIV

Slack:                    inf
  Source:                 clk_gen/inst/mmcm_adv_inst/LOCKED
                            (internal pin)
  Destination:            hdmi_tx/inst/serial_g/oserdes_s/RST
                            (rising edge-triggered cell OSERDESE2 clocked by clk_25_clk_wiz_0  {rise@0.000ns fall@20.000ns period=40.000ns})
  Path Group:             (none)
  Path Type:              Setup (Max at Slow Process Corner)
  Data Path Delay:        6.421ns  (logic 0.124ns (1.931%)  route 6.297ns (98.069%))
  Logic Levels:           1  (LUT1=1)
  Clock Uncertainty:      0.190ns  ((TSJ^2 + DJ^2)^1/2) / 2 + PE
    Total System Jitter     (TSJ):    0.050ns
    Discrete Jitter          (DJ):    0.175ns
    Phase Error              (PE):    0.099ns

    Location             Delay type                Incr(ns)  Path(ns)    Netlist Resource(s)
  -------------------------------------------------------------------    -------------------
    MMCME2_ADV_X1Y0      MMCME2_ADV                   0.000     0.000 f  clk_gen/inst/mmcm_adv_inst/LOCKED
                         net (fo=237, routed)         4.729     4.729    hdmi_tx/inst/encr/pix_clk_locked
    SLICE_X4Y18          LUT1 (Prop_lut1_I0_O)        0.124     4.853 r  hdmi_tx/inst/encr/oserdes_m_i_1/O
                         net (fo=50, routed)          1.568     6.421    hdmi_tx/inst/serial_g/AR[0]
    OLOGIC_X0Y21         OSERDESE2                                    r  hdmi_tx/inst/serial_g/oserdes_s/RST
  -------------------------------------------------------------------    -------------------

                         (clock clk_25_clk_wiz_0 rise edge)
                                                      0.000     0.000 r  
    BUFGCTRL_X0Y2        BUFG                         0.000     0.000 r  CLK_100MHZ_IBUF_BUFG_inst/O
                         net (fo=452, routed)         1.457     1.457    clk_gen/inst/clk_in1
    MMCME2_ADV_X1Y0      MMCME2_ADV (Prop_mmcme2_adv_CLKIN1_CLKOUT0)
                                                     -3.129    -1.672 r  clk_gen/inst/mmcm_adv_inst/CLKOUT0
                         net (fo=1, routed)           1.581    -0.091    clk_gen/inst/clk_25_clk_wiz_0
    BUFGCTRL_X0Y0        BUFG (Prop_bufg_I_O)         0.091     0.000 r  clk_gen/inst/clkout1_buf/O
                         net (fo=200, routed)         1.522     1.522    hdmi_tx/inst/serial_g/pix_clk
    OLOGIC_X0Y21         OSERDESE2                                    r  hdmi_tx/inst/serial_g/oserdes_s/CLKDIV

Slack:                    inf
  Source:                 clk_gen/inst/mmcm_adv_inst/LOCKED
                            (internal pin)
  Destination:            hdmi_tx/inst/encr/cnt_reg[2]/CLR
                            (recovery check against rising-edge clock clk_25_clk_wiz_0  {rise@0.000ns fall@20.000ns period=40.000ns})
  Path Group:             (none)
  Path Type:              Recovery (Max at Slow Process Corner)
  Data Path Delay:        6.371ns  (logic 0.124ns (1.946%)  route 6.247ns (98.054%))
  Logic Levels:           1  (LUT1=1)
  Clock Uncertainty:      0.190ns  ((TSJ^2 + DJ^2)^1/2) / 2 + PE
    Total System Jitter     (TSJ):    0.050ns
    Discrete Jitter          (DJ):    0.175ns
    Phase Error              (PE):    0.099ns

    Location             Delay type                Incr(ns)  Path(ns)    Netlist Resource(s)
  -------------------------------------------------------------------    -------------------
    MMCME2_ADV_X1Y0      MMCME2_ADV                   0.000     0.000 r  clk_gen/inst/mmcm_adv_inst/LOCKED
                         net (fo=237, routed)         4.729     4.729    hdmi_tx/inst/encr/pix_clk_locked
    SLICE_X4Y18          LUT1 (Prop_lut1_I0_O)        0.124     4.853 f  hdmi_tx/inst/encr/oserdes_m_i_1/O
                         net (fo=50, routed)          1.518     6.371    hdmi_tx/inst/encr/AR[0]
    SLICE_X1Y26          FDCE                                         f  hdmi_tx/inst/encr/cnt_reg[2]/CLR
  -------------------------------------------------------------------    -------------------

                         (clock clk_25_clk_wiz_0 rise edge)
                                                      0.000     0.000 r  
    BUFGCTRL_X0Y2        BUFG                         0.000     0.000 r  CLK_100MHZ_IBUF_BUFG_inst/O
                         net (fo=452, routed)         1.457     1.457    clk_gen/inst/clk_in1
    MMCME2_ADV_X1Y0      MMCME2_ADV (Prop_mmcme2_adv_CLKIN1_CLKOUT0)
                                                     -3.129    -1.672 r  clk_gen/inst/mmcm_adv_inst/CLKOUT0
                         net (fo=1, routed)           1.581    -0.091    clk_gen/inst/clk_25_clk_wiz_0
    BUFGCTRL_X0Y0        BUFG (Prop_bufg_I_O)         0.091     0.000 r  clk_gen/inst/clkout1_buf/O
                         net (fo=200, routed)         1.504     1.504    hdmi_tx/inst/encr/pix_clk
    SLICE_X1Y26          FDCE                                         r  hdmi_tx/inst/encr/cnt_reg[2]/C





Min Delay Paths
--------------------------------------------------------------------------------------
Slack:                    inf
  Source:                 clk_gen/inst/mmcm_adv_inst/LOCKED
                            (internal pin)
  Destination:            vga_ctrl/hc_reg[6]/CLR
                            (removal check against rising-edge clock clk_25_clk_wiz_0  {rise@0.000ns fall@20.000ns period=40.000ns})
  Path Group:             (none)
  Path Type:              Removal (Min at Fast Process Corner)
  Data Path Delay:        2.007ns  (logic 0.043ns (2.143%)  route 1.964ns (97.857%))
  Logic Levels:           1  (LUT1=1)
  Clock Uncertainty:      0.190ns  ((TSJ^2 + DJ^2)^1/2) / 2 + PE
    Total System Jitter     (TSJ):    0.050ns
    Discrete Jitter          (DJ):    0.175ns
    Phase Error              (PE):    0.099ns

    Location             Delay type                Incr(ns)  Path(ns)    Netlist Resource(s)
  -------------------------------------------------------------------    -------------------
    MMCME2_ADV_X1Y0      MMCME2_ADV                   0.000     0.000 r  clk_gen/inst/mmcm_adv_inst/LOCKED
                         net (fo=237, routed)         1.279     1.279    fft_core/ctrl/locked
    SLICE_X9Y1           LUT1 (Prop_lut1_I0_O)        0.043     1.322 f  fft_core/ctrl/hdmi_tx_i_1/O
                         net (fo=122, routed)         0.685     2.007    vga_ctrl/AR[0]
    SLICE_X2Y4           FDCE                                         f  vga_ctrl/hc_reg[6]/CLR
  -------------------------------------------------------------------    -------------------

                         (clock clk_25_clk_wiz_0 rise edge)
                                                      0.000     0.000 r  
    BUFGCTRL_X0Y2        BUFG                         0.000     0.000 r  CLK_100MHZ_IBUF_BUFG_inst/O
                         net (fo=452, routed)         0.817     0.817    clk_gen/inst/clk_in1
    MMCME2_ADV_X1Y0      MMCME2_ADV (Prop_mmcme2_adv_CLKIN1_CLKOUT0)
                                                     -1.375    -0.559 r  clk_gen/inst/mmcm_adv_inst/CLKOUT0
                         net (fo=1, routed)           0.530    -0.029    clk_gen/inst/clk_25_clk_wiz_0
    BUFGCTRL_X0Y0        BUFG (Prop_bufg_I_O)         0.029     0.000 r  clk_gen/inst/clkout1_buf/O
                         net (fo=200, routed)         0.866     0.866    vga_ctrl/clk_25
    SLICE_X2Y4           FDCE                                         r  vga_ctrl/hc_reg[6]/C

Slack:                    inf
  Source:                 clk_gen/inst/mmcm_adv_inst/LOCKED
                            (internal pin)
  Destination:            vga_ctrl/hc_reg[7]/CLR
                            (removal check against rising-edge clock clk_25_clk_wiz_0  {rise@0.000ns fall@20.000ns period=40.000ns})
  Path Group:             (none)
  Path Type:              Removal (Min at Fast Process Corner)
  Data Path Delay:        2.007ns  (logic 0.043ns (2.143%)  route 1.964ns (97.857%))
  Logic Levels:           1  (LUT1=1)
  Clock Uncertainty:      0.190ns  ((TSJ^2 + DJ^2)^1/2) / 2 + PE
    Total System Jitter     (TSJ):    0.050ns
    Discrete Jitter          (DJ):    0.175ns
    Phase Error              (PE):    0.099ns

    Location             Delay type                Incr(ns)  Path(ns)    Netlist Resource(s)
  -------------------------------------------------------------------    -------------------
    MMCME2_ADV_X1Y0      MMCME2_ADV                   0.000     0.000 r  clk_gen/inst/mmcm_adv_inst/LOCKED
                         net (fo=237, routed)         1.279     1.279    fft_core/ctrl/locked
    SLICE_X9Y1           LUT1 (Prop_lut1_I0_O)        0.043     1.322 f  fft_core/ctrl/hdmi_tx_i_1/O
                         net (fo=122, routed)         0.685     2.007    vga_ctrl/AR[0]
    SLICE_X2Y4           FDCE                                         f  vga_ctrl/hc_reg[7]/CLR
  -------------------------------------------------------------------    -------------------

                         (clock clk_25_clk_wiz_0 rise edge)
                                                      0.000     0.000 r  
    BUFGCTRL_X0Y2        BUFG                         0.000     0.000 r  CLK_100MHZ_IBUF_BUFG_inst/O
                         net (fo=452, routed)         0.817     0.817    clk_gen/inst/clk_in1
    MMCME2_ADV_X1Y0      MMCME2_ADV (Prop_mmcme2_adv_CLKIN1_CLKOUT0)
                                                     -1.375    -0.559 r  clk_gen/inst/mmcm_adv_inst/CLKOUT0
                         net (fo=1, routed)           0.530    -0.029    clk_gen/inst/clk_25_clk_wiz_0
    BUFGCTRL_X0Y0        BUFG (Prop_bufg_I_O)         0.029     0.000 r  clk_gen/inst/clkout1_buf/O
                         net (fo=200, routed)         0.866     0.866    vga_ctrl/clk_25
    SLICE_X2Y4           FDCE                                         r  vga_ctrl/hc_reg[7]/C

Slack:                    inf
  Source:                 clk_gen/inst/mmcm_adv_inst/LOCKED
                            (internal pin)
  Destination:            vga_ctrl/hs_reg/CLR
                            (removal check against rising-edge clock clk_25_clk_wiz_0  {rise@0.000ns fall@20.000ns period=40.000ns})
  Path Group:             (none)
  Path Type:              Removal (Min at Fast Process Corner)
  Data Path Delay:        2.007ns  (logic 0.043ns (2.143%)  route 1.964ns (97.857%))
  Logic Levels:           1  (LUT1=1)
  Clock Uncertainty:      0.190ns  ((TSJ^2 + DJ^2)^1/2) / 2 + PE
    Total System Jitter     (TSJ):    0.050ns
    Discrete Jitter          (DJ):    0.175ns
    Phase Error              (PE):    0.099ns

    Location             Delay type                Incr(ns)  Path(ns)    Netlist Resource(s)
  -------------------------------------------------------------------    -------------------
    MMCME2_ADV_X1Y0      MMCME2_ADV                   0.000     0.000 r  clk_gen/inst/mmcm_adv_inst/LOCKED
                         net (fo=237, routed)         1.279     1.279    fft_core/ctrl/locked
    SLICE_X9Y1           LUT1 (Prop_lut1_I0_O)        0.043     1.322 f  fft_core/ctrl/hdmi_tx_i_1/O
                         net (fo=122, routed)         0.685     2.007    vga_ctrl/AR[0]
    SLICE_X2Y4           FDCE                                         f  vga_ctrl/hs_reg/CLR
  -------------------------------------------------------------------    -------------------

                         (clock clk_25_clk_wiz_0 rise edge)
                                                      0.000     0.000 r  
    BUFGCTRL_X0Y2        BUFG                         0.000     0.000 r  CLK_100MHZ_IBUF_BUFG_inst/O
                         net (fo=452, routed)         0.817     0.817    clk_gen/inst/clk_in1
    MMCME2_ADV_X1Y0      MMCME2_ADV (Prop_mmcme2_adv_CLKIN1_CLKOUT0)
                                                     -1.375    -0.559 r  clk_gen/inst/mmcm_adv_inst/CLKOUT0
                         net (fo=1, routed)           0.530    -0.029    clk_gen/inst/clk_25_clk_wiz_0
    BUFGCTRL_X0Y0        BUFG (Prop_bufg_I_O)         0.029     0.000 r  clk_gen/inst/clkout1_buf/O
                         net (fo=200, routed)         0.866     0.866    vga_ctrl/clk_25
    SLICE_X2Y4           FDCE                                         r  vga_ctrl/hs_reg/C

Slack:                    inf
  Source:                 clk_gen/inst/mmcm_adv_inst/LOCKED
                            (internal pin)
  Destination:            vga_ctrl/vs_reg/CLR
                            (removal check against rising-edge clock clk_25_clk_wiz_0  {rise@0.000ns fall@20.000ns period=40.000ns})
  Path Group:             (none)
  Path Type:              Removal (Min at Fast Process Corner)
  Data Path Delay:        2.007ns  (logic 0.043ns (2.143%)  route 1.964ns (97.857%))
  Logic Levels:           1  (LUT1=1)
  Clock Uncertainty:      0.190ns  ((TSJ^2 + DJ^2)^1/2) / 2 + PE
    Total System Jitter     (TSJ):    0.050ns
    Discrete Jitter          (DJ):    0.175ns
    Phase Error              (PE):    0.099ns

    Location             Delay type                Incr(ns)  Path(ns)    Netlist Resource(s)
  -------------------------------------------------------------------    -------------------
    MMCME2_ADV_X1Y0      MMCME2_ADV                   0.000     0.000 r  clk_gen/inst/mmcm_adv_inst/LOCKED
                         net (fo=237, routed)         1.279     1.279    fft_core/ctrl/locked
    SLICE_X9Y1           LUT1 (Prop_lut1_I0_O)        0.043     1.322 f  fft_core/ctrl/hdmi_tx_i_1/O
                         net (fo=122, routed)         0.685     2.007    vga_ctrl/AR[0]
    SLICE_X2Y4           FDCE                                         f  vga_ctrl/vs_reg/CLR
  -------------------------------------------------------------------    -------------------

                         (clock clk_25_clk_wiz_0 rise edge)
                                                      0.000     0.000 r  
    BUFGCTRL_X0Y2        BUFG                         0.000     0.000 r  CLK_100MHZ_IBUF_BUFG_inst/O
                         net (fo=452, routed)         0.817     0.817    clk_gen/inst/clk_in1
    MMCME2_ADV_X1Y0      MMCME2_ADV (Prop_mmcme2_adv_CLKIN1_CLKOUT0)
                                                     -1.375    -0.559 r  clk_gen/inst/mmcm_adv_inst/CLKOUT0
                         net (fo=1, routed)           0.530    -0.029    clk_gen/inst/clk_25_clk_wiz_0
    BUFGCTRL_X0Y0        BUFG (Prop_bufg_I_O)         0.029     0.000 r  clk_gen/inst/clkout1_buf/O
                         net (fo=200, routed)         0.866     0.866    vga_ctrl/clk_25
    SLICE_X2Y4           FDCE                                         r  vga_ctrl/vs_reg/C

Slack:                    inf
  Source:                 clk_gen/inst/mmcm_adv_inst/LOCKED
                            (internal pin)
  Destination:            vga_ctrl/hc_reg[0]/CLR
                            (removal check against rising-edge clock clk_25_clk_wiz_0  {rise@0.000ns fall@20.000ns period=40.000ns})
  Path Group:             (none)
  Path Type:              Removal (Min at Fast Process Corner)
  Data Path Delay:        2.010ns  (logic 0.043ns (2.140%)  route 1.967ns (97.860%))
  Logic Levels:           1  (LUT1=1)
  Clock Uncertainty:      0.190ns  ((TSJ^2 + DJ^2)^1/2) / 2 + PE
    Total System Jitter     (TSJ):    0.050ns
    Discrete Jitter          (DJ):    0.175ns
    Phase Error              (PE):    0.099ns

    Location             Delay type                Incr(ns)  Path(ns)    Netlist Resource(s)
  -------------------------------------------------------------------    -------------------
    MMCME2_ADV_X1Y0      MMCME2_ADV                   0.000     0.000 r  clk_gen/inst/mmcm_adv_inst/LOCKED
                         net (fo=237, routed)         1.279     1.279    fft_core/ctrl/locked
    SLICE_X9Y1           LUT1 (Prop_lut1_I0_O)        0.043     1.322 f  fft_core/ctrl/hdmi_tx_i_1/O
                         net (fo=122, routed)         0.688     2.010    vga_ctrl/AR[0]
    SLICE_X2Y1           FDCE                                         f  vga_ctrl/hc_reg[0]/CLR
  -------------------------------------------------------------------    -------------------

                         (clock clk_25_clk_wiz_0 rise edge)
                                                      0.000     0.000 r  
    BUFGCTRL_X0Y2        BUFG                         0.000     0.000 r  CLK_100MHZ_IBUF_BUFG_inst/O
                         net (fo=452, routed)         0.817     0.817    clk_gen/inst/clk_in1
    MMCME2_ADV_X1Y0      MMCME2_ADV (Prop_mmcme2_adv_CLKIN1_CLKOUT0)
                                                     -1.375    -0.559 r  clk_gen/inst/mmcm_adv_inst/CLKOUT0
                         net (fo=1, routed)           0.530    -0.029    clk_gen/inst/clk_25_clk_wiz_0
    BUFGCTRL_X0Y0        BUFG (Prop_bufg_I_O)         0.029     0.000 r  clk_gen/inst/clkout1_buf/O
                         net (fo=200, routed)         0.867     0.867    vga_ctrl/clk_25
    SLICE_X2Y1           FDCE                                         r  vga_ctrl/hc_reg[0]/C

Slack:                    inf
  Source:                 clk_gen/inst/mmcm_adv_inst/LOCKED
                            (internal pin)
  Destination:            vga_ctrl/hc_reg[1]/CLR
                            (removal check against rising-edge clock clk_25_clk_wiz_0  {rise@0.000ns fall@20.000ns period=40.000ns})
  Path Group:             (none)
  Path Type:              Removal (Min at Fast Process Corner)
  Data Path Delay:        2.010ns  (logic 0.043ns (2.140%)  route 1.967ns (97.860%))
  Logic Levels:           1  (LUT1=1)
  Clock Uncertainty:      0.190ns  ((TSJ^2 + DJ^2)^1/2) / 2 + PE
    Total System Jitter     (TSJ):    0.050ns
    Discrete Jitter          (DJ):    0.175ns
    Phase Error              (PE):    0.099ns

    Location             Delay type                Incr(ns)  Path(ns)    Netlist Resource(s)
  -------------------------------------------------------------------    -------------------
    MMCME2_ADV_X1Y0      MMCME2_ADV                   0.000     0.000 r  clk_gen/inst/mmcm_adv_inst/LOCKED
                         net (fo=237, routed)         1.279     1.279    fft_core/ctrl/locked
    SLICE_X9Y1           LUT1 (Prop_lut1_I0_O)        0.043     1.322 f  fft_core/ctrl/hdmi_tx_i_1/O
                         net (fo=122, routed)         0.688     2.010    vga_ctrl/AR[0]
    SLICE_X2Y1           FDCE                                         f  vga_ctrl/hc_reg[1]/CLR
  -------------------------------------------------------------------    -------------------

                         (clock clk_25_clk_wiz_0 rise edge)
                                                      0.000     0.000 r  
    BUFGCTRL_X0Y2        BUFG                         0.000     0.000 r  CLK_100MHZ_IBUF_BUFG_inst/O
                         net (fo=452, routed)         0.817     0.817    clk_gen/inst/clk_in1
    MMCME2_ADV_X1Y0      MMCME2_ADV (Prop_mmcme2_adv_CLKIN1_CLKOUT0)
                                                     -1.375    -0.559 r  clk_gen/inst/mmcm_adv_inst/CLKOUT0
                         net (fo=1, routed)           0.530    -0.029    clk_gen/inst/clk_25_clk_wiz_0
    BUFGCTRL_X0Y0        BUFG (Prop_bufg_I_O)         0.029     0.000 r  clk_gen/inst/clkout1_buf/O
                         net (fo=200, routed)         0.867     0.867    vga_ctrl/clk_25
    SLICE_X2Y1           FDCE                                         r  vga_ctrl/hc_reg[1]/C

Slack:                    inf
  Source:                 clk_gen/inst/mmcm_adv_inst/LOCKED
                            (internal pin)
  Destination:            vga_ctrl/hc_reg[2]/CLR
                            (removal check against rising-edge clock clk_25_clk_wiz_0  {rise@0.000ns fall@20.000ns period=40.000ns})
  Path Group:             (none)
  Path Type:              Removal (Min at Fast Process Corner)
  Data Path Delay:        2.010ns  (logic 0.043ns (2.140%)  route 1.967ns (97.860%))
  Logic Levels:           1  (LUT1=1)
  Clock Uncertainty:      0.190ns  ((TSJ^2 + DJ^2)^1/2) / 2 + PE
    Total System Jitter     (TSJ):    0.050ns
    Discrete Jitter          (DJ):    0.175ns
    Phase Error              (PE):    0.099ns

    Location             Delay type                Incr(ns)  Path(ns)    Netlist Resource(s)
  -------------------------------------------------------------------    -------------------
    MMCME2_ADV_X1Y0      MMCME2_ADV                   0.000     0.000 r  clk_gen/inst/mmcm_adv_inst/LOCKED
                         net (fo=237, routed)         1.279     1.279    fft_core/ctrl/locked
    SLICE_X9Y1           LUT1 (Prop_lut1_I0_O)        0.043     1.322 f  fft_core/ctrl/hdmi_tx_i_1/O
                         net (fo=122, routed)         0.688     2.010    vga_ctrl/AR[0]
    SLICE_X2Y1           FDCE                                         f  vga_ctrl/hc_reg[2]/CLR
  -------------------------------------------------------------------    -------------------

                         (clock clk_25_clk_wiz_0 rise edge)
                                                      0.000     0.000 r  
    BUFGCTRL_X0Y2        BUFG                         0.000     0.000 r  CLK_100MHZ_IBUF_BUFG_inst/O
                         net (fo=452, routed)         0.817     0.817    clk_gen/inst/clk_in1
    MMCME2_ADV_X1Y0      MMCME2_ADV (Prop_mmcme2_adv_CLKIN1_CLKOUT0)
                                                     -1.375    -0.559 r  clk_gen/inst/mmcm_adv_inst/CLKOUT0
                         net (fo=1, routed)           0.530    -0.029    clk_gen/inst/clk_25_clk_wiz_0
    BUFGCTRL_X0Y0        BUFG (Prop_bufg_I_O)         0.029     0.000 r  clk_gen/inst/clkout1_buf/O
                         net (fo=200, routed)         0.867     0.867    vga_ctrl/clk_25
    SLICE_X2Y1           FDCE                                         r  vga_ctrl/hc_reg[2]/C

Slack:                    inf
  Source:                 clk_gen/inst/mmcm_adv_inst/LOCKED
                            (internal pin)
  Destination:            vga_ctrl/hc_reg[3]/CLR
                            (removal check against rising-edge clock clk_25_clk_wiz_0  {rise@0.000ns fall@20.000ns period=40.000ns})
  Path Group:             (none)
  Path Type:              Removal (Min at Fast Process Corner)
  Data Path Delay:        2.010ns  (logic 0.043ns (2.140%)  route 1.967ns (97.860%))
  Logic Levels:           1  (LUT1=1)
  Clock Uncertainty:      0.190ns  ((TSJ^2 + DJ^2)^1/2) / 2 + PE
    Total System Jitter     (TSJ):    0.050ns
    Discrete Jitter          (DJ):    0.175ns
    Phase Error              (PE):    0.099ns

    Location             Delay type                Incr(ns)  Path(ns)    Netlist Resource(s)
  -------------------------------------------------------------------    -------------------
    MMCME2_ADV_X1Y0      MMCME2_ADV                   0.000     0.000 r  clk_gen/inst/mmcm_adv_inst/LOCKED
                         net (fo=237, routed)         1.279     1.279    fft_core/ctrl/locked
    SLICE_X9Y1           LUT1 (Prop_lut1_I0_O)        0.043     1.322 f  fft_core/ctrl/hdmi_tx_i_1/O
                         net (fo=122, routed)         0.688     2.010    vga_ctrl/AR[0]
    SLICE_X2Y1           FDCE                                         f  vga_ctrl/hc_reg[3]/CLR
  -------------------------------------------------------------------    -------------------

                         (clock clk_25_clk_wiz_0 rise edge)
                                                      0.000     0.000 r  
    BUFGCTRL_X0Y2        BUFG                         0.000     0.000 r  CLK_100MHZ_IBUF_BUFG_inst/O
                         net (fo=452, routed)         0.817     0.817    clk_gen/inst/clk_in1
    MMCME2_ADV_X1Y0      MMCME2_ADV (Prop_mmcme2_adv_CLKIN1_CLKOUT0)
                                                     -1.375    -0.559 r  clk_gen/inst/mmcm_adv_inst/CLKOUT0
                         net (fo=1, routed)           0.530    -0.029    clk_gen/inst/clk_25_clk_wiz_0
    BUFGCTRL_X0Y0        BUFG (Prop_bufg_I_O)         0.029     0.000 r  clk_gen/inst/clkout1_buf/O
                         net (fo=200, routed)         0.867     0.867    vga_ctrl/clk_25
    SLICE_X2Y1           FDCE                                         r  vga_ctrl/hc_reg[3]/C

Slack:                    inf
  Source:                 clk_gen/inst/mmcm_adv_inst/LOCKED
                            (internal pin)
  Destination:            vga_ctrl/hc_reg[4]/CLR
                            (removal check against rising-edge clock clk_25_clk_wiz_0  {rise@0.000ns fall@20.000ns period=40.000ns})
  Path Group:             (none)
  Path Type:              Removal (Min at Fast Process Corner)
  Data Path Delay:        2.010ns  (logic 0.043ns (2.140%)  route 1.967ns (97.860%))
  Logic Levels:           1  (LUT1=1)
  Clock Uncertainty:      0.190ns  ((TSJ^2 + DJ^2)^1/2) / 2 + PE
    Total System Jitter     (TSJ):    0.050ns
    Discrete Jitter          (DJ):    0.175ns
    Phase Error              (PE):    0.099ns

    Location             Delay type                Incr(ns)  Path(ns)    Netlist Resource(s)
  -------------------------------------------------------------------    -------------------
    MMCME2_ADV_X1Y0      MMCME2_ADV                   0.000     0.000 r  clk_gen/inst/mmcm_adv_inst/LOCKED
                         net (fo=237, routed)         1.279     1.279    fft_core/ctrl/locked
    SLICE_X9Y1           LUT1 (Prop_lut1_I0_O)        0.043     1.322 f  fft_core/ctrl/hdmi_tx_i_1/O
                         net (fo=122, routed)         0.688     2.010    vga_ctrl/AR[0]
    SLICE_X2Y1           FDCE                                         f  vga_ctrl/hc_reg[4]/CLR
  -------------------------------------------------------------------    -------------------

                         (clock clk_25_clk_wiz_0 rise edge)
                                                      0.000     0.000 r  
    BUFGCTRL_X0Y2        BUFG                         0.000     0.000 r  CLK_100MHZ_IBUF_BUFG_inst/O
                         net (fo=452, routed)         0.817     0.817    clk_gen/inst/clk_in1
    MMCME2_ADV_X1Y0      MMCME2_ADV (Prop_mmcme2_adv_CLKIN1_CLKOUT0)
                                                     -1.375    -0.559 r  clk_gen/inst/mmcm_adv_inst/CLKOUT0
                         net (fo=1, routed)           0.530    -0.029    clk_gen/inst/clk_25_clk_wiz_0
    BUFGCTRL_X0Y0        BUFG (Prop_bufg_I_O)         0.029     0.000 r  clk_gen/inst/clkout1_buf/O
                         net (fo=200, routed)         0.867     0.867    vga_ctrl/clk_25
    SLICE_X2Y1           FDCE                                         r  vga_ctrl/hc_reg[4]/C

Slack:                    inf
  Source:                 clk_gen/inst/mmcm_adv_inst/LOCKED
                            (internal pin)
  Destination:            vga_ctrl/hc_reg[5]/CLR
                            (removal check against rising-edge clock clk_25_clk_wiz_0  {rise@0.000ns fall@20.000ns period=40.000ns})
  Path Group:             (none)
  Path Type:              Removal (Min at Fast Process Corner)
  Data Path Delay:        2.044ns  (logic 0.043ns (2.104%)  route 2.001ns (97.896%))
  Logic Levels:           1  (LUT1=1)
  Clock Uncertainty:      0.190ns  ((TSJ^2 + DJ^2)^1/2) / 2 + PE
    Total System Jitter     (TSJ):    0.050ns
    Discrete Jitter          (DJ):    0.175ns
    Phase Error              (PE):    0.099ns

    Location             Delay type                Incr(ns)  Path(ns)    Netlist Resource(s)
  -------------------------------------------------------------------    -------------------
    MMCME2_ADV_X1Y0      MMCME2_ADV                   0.000     0.000 r  clk_gen/inst/mmcm_adv_inst/LOCKED
                         net (fo=237, routed)         1.279     1.279    fft_core/ctrl/locked
    SLICE_X9Y1           LUT1 (Prop_lut1_I0_O)        0.043     1.322 f  fft_core/ctrl/hdmi_tx_i_1/O
                         net (fo=122, routed)         0.722     2.044    vga_ctrl/AR[0]
    SLICE_X4Y3           FDCE                                         f  vga_ctrl/hc_reg[5]/CLR
  -------------------------------------------------------------------    -------------------

                         (clock clk_25_clk_wiz_0 rise edge)
                                                      0.000     0.000 r  
    BUFGCTRL_X0Y2        BUFG                         0.000     0.000 r  CLK_100MHZ_IBUF_BUFG_inst/O
                         net (fo=452, routed)         0.817     0.817    clk_gen/inst/clk_in1
    MMCME2_ADV_X1Y0      MMCME2_ADV (Prop_mmcme2_adv_CLKIN1_CLKOUT0)
                                                     -1.375    -0.559 r  clk_gen/inst/mmcm_adv_inst/CLKOUT0
                         net (fo=1, routed)           0.530    -0.029    clk_gen/inst/clk_25_clk_wiz_0
    BUFGCTRL_X0Y0        BUFG (Prop_bufg_I_O)         0.029     0.000 r  clk_gen/inst/clkout1_buf/O
                         net (fo=200, routed)         0.864     0.864    vga_ctrl/clk_25
    SLICE_X4Y3           FDCE                                         r  vga_ctrl/hc_reg[5]/C





